{
    "tower_height": 300,
    "file_name": "save/specs/HLV2841349_MK_245/events/11-05-2017",
    "starting_thrust": [
        {
            "engine": "SRM",
            "thrust": 3600000,
            "stage": "SRB"
        }
    ],
    "initial_alt": 0,
    "friendly_name": "11-05-2017",
    "A_hv_diff": 0.11,
    "V_v_target": 2000,
    "starting_throt": [
        {
            "engine": "SRM",
            "throt": 1,
            "stage": "SRB"
        },
        {
            "engine": "SSME",
            "throt": 0.7316,
            "stage": "orbiter"
        },
        {
            "engine": "RL-10A4-2",
            "throt": 0,
            "stage": "orbiter"
        },
        {
            "engine": "OME",
            "throt": 0,
            "stage": "orbiter"
        },
        {
            "engine": "RD-171M",
            "throt": 0.727,
            "stage": "RLV"
        },
        {
            "engine": "RS-68A",
            "throt": 0.7816,
            "stage": "RLV"
        },
        {
            "engine": "SSME",
            "throt": 0.7316,
            "stage": "RLV"
        },
        {
            "engine": "RD-171M",
            "throt": 0.727,
            "stage": "LFB"
        }
    ],
    "events": [
        {
            "start_time": 0,
            "engine": "RS-68A",
            "target": 1,
            "name": "Set Throttle Target",
            "end_time": 3
        },
        {
            "start_time": 215.8,
            "target": 1200,
            "name": "Giveback V Vert",
            "end_time": 215.8
        },
        {
            "start_time": 0,
            "engine": "RD-171M",
            "target": 1,
            "name": "Set Throttle Target",
            "end_time": 3
        },
        {
            "start_time": 0,
            "engine": "SSME",
            "target": 1,
            "name": "Set Throttle Target",
            "end_time": 3
        },
        {
            "rate": -20000,
            "start_time": 24,
            "engine": "SRM",
            "name": "Change Thrust",
            "end_time": 45
        },
        {
            "start_time": 60,
			"engine": "SRM",
            "name": "Power Down Thrust",
            "thrusts": 3500000,
            "end_time": 75
        },
        {
            "start_time": 75,
            "stage": "SRB",
            "name": "Jettison",
            "end_time": 75
        },
        {
            "start_time": 135.83,
            "engine": "RD-171M",
            "target": 0,
            "name": "Set Throttle Target",
            "end_time": 138.83
        },
        {
            "start_time": 138.83,
            "stage": "LFB",
            "name": "Jettison",
            "end_time": 138.83
        },
        {
            "target": 0,
            "engine": "RS-68A",
            "start_time": 214.8078,
            "end_time": 218.1418,
            "stage": "RLV",
            "name": "Set Target Throttle By Stage"
        },
        {
            "target": 0,
            "engine": "SSME",
            "start_time": 214.8078,
            "end_time": 218.1418,
            "stage": "RLV",
            "name": "Set Target Throttle By Stage"
        },
        {
            "start_time": 218.1418,
            "stage": "RLV",
            "name": "Jettison",
            "end_time": 218.1418
        },
        {
            "start_time": 218.1,
            "engine": "RL-10A4-2",
            "target": 1,
            "name": "Set Throttle Target",
            "end_time": 219.1
        },
        {
            "start_time": 3,
			"pre" : "True",
            "amount": 0.002576,
            "name": "Adjust Acceleration",
            "end_time": 3
        },
        {
            "start_time": 0,
			"pre" : "True",
            "amount": -152.6415,
            "name": "Adjust Weight",
            "end_time": 0
        }
    ]
}