{
    "stages": {
        "SRB": {
            "name": "SRB",
            "fuel_type": "Solid",
            "attached": true,
            "jettison_weight": 400000,
            "preburned": 0,
            "initial_weight": 2225000,
            "fuel": 1825000,
            "adc_K": 0.142,
            "lift_off_weight": 2225000
        },
        "orbiter": {
            "name": "orbiter",
            "fuel_type": "Liquid",
            "attached": true,
            "jettison_weight": 0,
            "preburned": 0,
            "initial_weight": 3000000,
            "fuel": 3000000,
            "adc_K": 0.475,
            "lift_off_weight": 3000000
        },
        "RLV": {
            "name": "RLV",
            "fuel_type": "Liquid",
            "attached": true,
            "jettison_weight": 2256890,
            "preburned": 51966.7,
            "initial_weight": 13681275,
            "fuel": 11424385,
            "adc_K": 1.419,
            "lift_off_weight": 13629308.3
        },
        "LFB": {
            "name": "LFB",
            "fuel_type": "Liquid",
            "attached": true,
            "jettison_weight": 749168,
            "preburned": 30204.71,
            "initial_weight": 6593725,
            "fuel": 5814352.29,
            "adc_K": 0.35,
            "lift_off_weight": 6563520.29
        }
    },
    "name": "HLV * 2-8-4/13/4-9",
    "engines": [
        {
            "stage": "SRB",
            "engine_count": 2,
            "engine_name": "SRM"
        },
        {
            "stage": "orbiter",
            "engine_count": 9,
            "engine_name": "SSME"
        },
        {
            "stage": "orbiter",
            "engine_count": 2,
            "engine_name": "RL-10A4-2"
        },
        {
            "stage": "orbiter",
            "engine_count": 2,
            "engine_name": "OME"
        },
        {
            "stage": "RLV",
            "engine_count": 4,
            "engine_name": "RD-171M"
        },
        {
            "stage": "RLV",
            "engine_count": 13,
            "engine_name": "RS-68A"
        },
        {
            "stage": "RLV",
            "engine_count": 4,
            "engine_name": "SSME"
        },
        {
            "stage": "LFB",
            "engine_count": 8,
            "engine_name": "RD-171M"
        }
    ],
    "file_name": "save/specs/HLV2841349_MK_245",
    "lift_off_weight": 25417828.59,
    "friendly_name": "HLV * 2-8-4/13/4-9 MK 2-45",
    "earth_rotation_mph": 912.67,
    "MK": "2-45"
}