{
    "tower_height": 300,
    "file_name": "save/specs/HLV2841349_MK_245/events/07-06-2017",
    "starting_thrust": [
        {
            "engine": "SRM",
            "thrust": 3600000,
            "stage": "SRB"
        }
    ],
    "initial_alt": 0,
    "friendly_name": "06-07-2017",
    "V_v_target": 2000,
    "starting_throt": [
        {
            "engine": "SRM",
            "throt": 1,
            "stage": "SRB"
        },
        {
            "engine": "SSME",
            "throt": 0.7316,
            "stage": "orbiter"
        },
        {
            "engine": "RL-10A4-2",
            "throt": 0,
            "stage": "orbiter"
        },
        {
            "engine": "OME",
            "throt": 0,
            "stage": "orbiter"
        },
        {
            "engine": "RD-171M",
            "throt": 0.727,
            "stage": "RLV"
        },
        {
            "engine": "RS-68A",
            "throt": 0.7816,
            "stage": "RLV"
        },
        {
            "engine": "SSME",
            "throt": 0.7316,
            "stage": "RLV"
        },
        {
            "engine": "RD-171M",
            "throt": 0.727,
            "stage": "LFB"
        }
    ],
    "events": [
        {
            "start_time": 215,
            "target": 1200,
            "name": "Giveback V Vert",
            "end_time": 215
        },
        {
            "engine": "RD-171M",
            "start_time": 135.83,
            "target": 0,
            "name": "Set Throttle Target",
            "end_time": 138.83
        },
        {
            "start_time": 138.83,
            "stage": "LFB",
            "name": "Jettison",
            "end_time": 138.83
        },
        {
            "engine": "RS-68A",
            "start_time": 214.8078,
            "target": 0,
            "name": "Set Throttle Target",
            "end_time": 218.1418
        },
        {
            "target": 0,
            "engine": "SSME",
            "start_time": 214.8078,
            "end_time": 218.1418,
            "stage": "RLV",
            "name": "Set Target Throttle By Stage"
        },
        {
            "start_time": 218.1418,
            "stage": "RLV",
            "name": "Jettison",
            "end_time": 218.1418
        },
        {
            "engine": "RL-10A4-2",
            "start_time": 218.1,
            "target": 1,
            "name": "Set Throttle Target",
            "end_time": 218.1
        }
    ]
}