{
	"time_incs" : [
		{

			"time_inc" : 1.0,
			"until" : 4.0
		},
		{
			"time_inc" : 2.0,
			"until" : 6.0
		},
		{
			"time_inc" : 3.0,
			"until" : 114.0
		},
		{
			"time_inc" : 0.1,
			"until" : 114.1
		},
		{
			"time_inc" : 2.9,
			"until" : 117.0
		},
		{
			"time_inc" : 3.0,
			"until" : 135.0
		},
		{
			"time_inc" : 2.0,
			"until" : 137.0
		},
		{
			"time_inc" : 1.0,
			"until" : 140.0
		},
		{
			"time_inc" : 0.1,
			"until" : 140.1
		},
		{
			"time_inc" : 0.9,
			"until" : 141.0
		},
		{
			"time_inc" : 3,
			"until" : 213.0
		},
		{
			"time_inc" : 0.51579,
			"until" : 213.51579
		},
		{
			"time_inc" : 1.0,
			"until" : 215.51579
		},
		{
			"time_inc" : 1.2,
			"until" : 216.71579
		},
		{
			"time_inc" : 0.28421,
			"until" : 217.0
		},
		{
			"time_inc" : 2.0,
			"until" : 219.0
		},
		{
			"time_inc" : 3.0,
			"until" : 384.0
		}
	]
}
