{"stages": {"SRB": {"name": "SRB", "fuel_type": "Solid", "attached": true, "jettison_weight": 400000.0, "preburned": 0.0, "initial_weight": 2225000.0, "fuel": 1825000.0, "adc_K": 0.142, "lift_off_weight": 2225000.0}, "orbiter": {"name": "orbiter", "fuel_type": "Liquid", "attached": true, "jettison_weight": 0, "preburned": 0.0, "initial_weight": 3000000.0, "fuel": 3000000.0, "adc_K": 0.475, "lift_off_weight": 3000000.0}, "RLV": {"name": "RLV", "fuel_type": "Liquid", "attached": true, "jettison_weight": 2256890.0, "preburned": 51966.7, "initial_weight": 13681275.0, "fuel": 11372418.3, "adc_K": 1.419, "lift_off_weight": 13629308.3}, "LFB": {"name": "LFB", "fuel_type": "Liquid", "attached": true, "jettison_weight": 749168.0, "preburned": 30204.71, "initial_weight": 6593725.0, "fuel": 5814352.29, "adc_K": 0.35, "lift_off_weight": 6563520.29}}, "name": "HLV * 2-8-4/13/4-9 two", "engines": [{"stage": "SRB", "engine_count": 2.0, "engine_name": "SRM"}, {"stage": "orbiter", "engine_count": 9.0, "engine_name": "SSME"}, {"stage": "orbiter", "engine_count": 2.0, "engine_name": "RL-10A4-2"}, {"stage": "orbiter", "engine_count": 2.0, "engine_name": "OME"}, {"stage": "RLV", "engine_count": 4.0, "engine_name": "RD-171M"}, {"stage": "RLV", "engine_count": 13.0, "engine_name": "RS-68A"}, {"stage": "RLV", "engine_count": 4.0, "engine_name": "SSME"}, {"stage": "LFB", "engine_count": 8.0, "engine_name": "RD-171M"}], "file_name": "save/specs/HLV2841349_MK_245", "friendly_name": "HLV * 2-8-4/13/4-9 MK 2-45", "earth_rotation_mph": 912.67, "MK": "2-45", "lift_off_weight": 25417828.59}