time, alt, thrust, weight, ADC_guess, ADC_actual, ADC_adj, ADC_error, A_raw, A_total, A_h, A_v, bigG, V_as, V_horiz_mph, V_vert_inc, V_vert 
0.0, 0, 32781450.5440, 25417828.5900, 0.000000476, 0.00000000, 0.000000, 0.0000000, 1.2804871, 1.2804871, 0.00000000, 0.28315, 0.9973364021, 0.000000, 912.670000, 0.0, 0.00000000
1.0, 5, 37467183.6058, 25304537.1612, 0.000199274, 0.00015680, 0.000157, -0.0000003, 1.4621301, 1.4619731, 0.00000000, 0.46464, 0.9973364014, 8.107277, 912.670000, 1.5, 11.89067353
2.0, 26, 41077769.7640, 25177393.2790, 0.001128066, 0.00098890, 0.000989, -0.0000003, 1.6315167, 1.6305276, 0.00000000, 0.63319, 0.9973363988, 20.367792, 912.670000, 2.0, 29.87276197
3.0, 66, 41083759.7551, 25045450.9706, 0.003040653, 0.00280679, 0.002807, -0.0000004, 1.6403387, 1.6401080, 0.00000000, 0.64277, 0.9973363937, 34.338993, 912.670000, 2.1, 50.36385607
4.0, 127, 41092814.2235, 24913514.3921, 0.005906134, 0.00557665, 0.005577, -0.0000003, 1.6493767, 1.6438001, 0.00000000, 0.64646, 0.9973363860, 48.455781, 912.670000, 2.1, 71.06847925
5.0, 208, 41104945.6486, 24781585.9283, 0.009735500, 0.00930945, 0.009309, -0.0000004, 1.6586345, 1.6493251, 0.00000000, 0.65199, 0.9973363756, 62.699108, 912.670000, 2.1, 91.95869243
6.0, 311, 41120158.2336, 24649667.9666, 0.014489559, 0.01400869, 0.014009, -0.0000005, 1.6681157, 1.6541070, 0.00000000, 0.65677, 0.9973363625, 77.055478, 912.670000, 2.1, 113.01470141
7.0, 432, 41138188.8577, 24517762.8362, 0.019564104, 0.01898934, 0.018989, -0.0000003, 1.6778152, 1.6588258, 0.63307015, 0.53600, 0.9972597713, 89.912164, 925.695937, 1.7, 130.47994748
8.0, 572, 41158694.9329, 24385872.5555, 0.026147292, 0.02542158, 0.025422, -0.0000003, 1.6877204, 1.6622988, 0.63584350, 0.53870, 0.9971767224, 104.294211, 939.615768, 1.7, 147.77136522
9.0, 728, 41181655.4727, 24253999.0188, 0.034222971, 0.03334977, 0.033350, -0.0000004, 1.6978334, 1.6644836, 0.63761123, 0.54042, 0.9970921273, 119.794955, 953.585354, 1.7, 165.13367306
10.0, 902, 41207043.8304, 24122144.0969, 0.043748080, 0.04273236, 0.042732, -0.0000005, 1.7081565, 1.6654241, 0.63840833, 0.54119, 0.9970061068, 136.032399, 967.582999, 1.7, 182.53593941
11.0, 1093, 41234825.1796, 23990309.6297, 0.054665276, 0.05351315, 0.053513, -0.0000003, 1.7186915, 1.6651783, 0.63828046, 0.54106, 0.9969187835, 152.758438, 981.587892, 1.7, 199.94849123
12.0, 1302, 41264956.8898, 23858497.4202, 0.066903172, 0.06562251, 0.065623, -0.0000003, 1.7294400, 1.6638175, 0.63728309, 0.54009, 0.9968302809, 169.805703, 995.580335, 1.7, 217.34324078
13.0, 1528, 41297388.9764, 23726709.2277, 0.080379489, 0.07897903, 0.078979, -0.0000003, 1.7404033, 1.6614243, 0.63548033, 0.53834, 0.9967407206, 187.056492, 1009.541942, 1.7, 234.69397334
14.0, 1771, 41332064.6171, 23594946.7619, 0.095001790, 0.09349116, 0.093491, -0.0000004, 1.7515826, 1.6580914, 0.63294370, 0.53587, 0.9966502214, 204.424811, 1023.455817, 1.7, 251.97660338
15.0, 2032, 41368920.7202, 23463211.6780, 0.110669609, 0.10905916, 0.109059, -0.0000004, 1.7629786, 1.6539194, 0.62975080, 0.53277, 0.9965588968, 221.845847, 1037.306703, 1.7, 269.16938618
16.0, 2309, 41407888.7642, 23331505.5713, 0.127262012, 0.12556848, 0.125568, -0.0000004, 1.7745918, 1.6490233, 0.61599045, 0.53318, 0.9964670754, 239.261536, 1051.048205, 1.7, 286.27272697
17.0, 2604, 41448906.3357, 23199829.9766, 0.144630181, 0.14286038, 0.142860, -0.0000004, 1.7864232, 1.6435628, 0.61178536, 0.52907, 0.9963759064, 256.591204, 1064.515756, 1.7, 303.36223640
18.0, 2916, 41491901.6222, 23068186.3701, 0.162699568, 0.16086472, 0.160865, -0.0000004, 1.7984732, 1.6376085, 0.60719087, 0.52459, 0.9962842381, 273.848724, 1077.886633, 1.7, 320.31337832
19.0, 3245, 41536792.4249, 22936576.1590, 0.181357957, 0.17946925, 0.179469, -0.0000005, 1.8107419, 1.6312727, 0.60229395, 0.51981, 0.9961921483, 291.011879, 1091.153247, 1.7, 337.11531777
20.0, 3590, 41583499.6705, 22805000.6781, 0.200409927, 0.19848775, 0.198488, -0.0000005, 1.8232295, 1.6247417, 0.58723909, 0.51879, 0.9961010165, 308.005836, 1104.123983, 1.7, 353.86799988
21.0, 3953, 41631946.1403, 22673461.1954, 0.219815817, 0.21786256, 0.217863, -0.0000005, 1.8359361, 1.6180735, 0.58207184, 0.51373, 0.9960098391, 324.863690, 1116.949629, 1.7, 370.47852058
22.0, 4331, 41682042.1880, 22541958.9059, 0.239471256, 0.23750228, 0.237502, -0.0000005, 1.8488615, 1.6113593, 0.57686371, 0.50863, 0.9959184265, 341.588076, 1129.661331, 1.6, 386.92539107
23.0, 4726, 41733703.9141, 22410494.9282, 0.259178450, 0.25720426, 0.257204, -0.0000005, 1.8620057, 1.6048014, 0.56177288, 0.50743, 0.9958283231, 358.103213, 1142.051479, 1.6, 403.32546122
24.0, 5138, 41782847.9663, 22279070.3114, 0.278940393, 0.27696496, 0.276965, -0.0000005, 1.8753686, 1.5984037, 0.55680324, 0.50254, 0.9957381274, 374.475730, 1154.320224, 1.6, 419.57240241
25.0, 5565, 41797381.5212, 22147775.1988, 0.298589851, 0.29664016, 0.296640, -0.0000005, 1.8871362, 1.5904960, 0.54063834, 0.50013, 0.9956482852, 390.670005, 1166.411645, 1.6, 435.67216721
26.0, 6009, 41813217.9552, 22016683.1238, 0.317977760, 0.31604983, 0.316050, -0.0000005, 1.8990862, 1.5830363, 0.53481873, 0.49439, 0.9955597311, 406.629433, 1178.207163, 1.6, 451.67025931
27.0, 6469, 41830264.4352, 21885794.4402, 0.337109211, 0.33520998, 0.335210, -0.0000005, 1.9112173, 1.5760073, 0.52933284, 0.48897, 0.9954712245, 422.423068, 1189.878578, 1.6, 467.48870414
28.0, 6944, 41848429.1298, 21755109.4120, 0.355801081, 0.35395074, 0.353951, -0.0000004, 1.9235281, 1.5695774, 0.51431421, 0.48753, 0.9953839916, 437.996951, 1201.269937, 1.6, 483.22472402
29.0, 7435, 41867627.2792, 21624628.2208, 0.374089564, 0.37227984, 0.372280, -0.0000004, 1.9360177, 1.5637379, 0.50975766, 0.48301, 0.9952971602, 453.406860, 1212.501568, 1.6, 498.83662354
30.0, 7942, 41887766.8353, 21494350.9676, 0.391945781, 0.39018130, 0.390181, -0.0000004, 1.9486847, 1.5585034, 0.50567647, 0.47897, 0.9952102563, 468.687801, 1223.638389, 1.5, 514.31070290
31.0, 8464, 41908757.3794, 21364277.6724, 0.409327051, 0.40761179, 0.407612, -0.0000004, 1.9615277, 1.5539159, 0.50210513, 0.47543, 0.9951232145, 483.854500, 1234.691216, 1.5, 529.66268864
32.0, 9001, 41930510.7339, 21234408.2780, 0.426196901, 0.42453425, 0.424534, -0.0000004, 1.9745454, 1.5500112, 0.49907318, 0.47242, 0.9950359609, 498.922743, 1245.671566, 1.5, 544.90932500
33.0, 9554, 41952941.0792, 21104742.6548, 0.442524539, 0.44091733, 0.440917, -0.0000004, 1.9877366, 1.5468193, 0.49660560, 0.46998, 0.9949484130, 513.909215, 1256.591553, 1.5, 560.06822233
34.0, 10121, 41975965.0323, 20975280.6036, 0.458284288, 0.45673487, 0.456735, -0.0000004, 2.0011002, 1.5443653, 0.49472321, 0.46811, 0.9948604810, 528.831357, 1267.463795, 1.5, 575.15771790
35.0, 10704, 41999501.6904, 20846021.8602, 0.473455020, 0.47196533, 0.471965, -0.0000004, 2.0146351, 1.5426698, 0.49344305, 0.46684, 0.9947720680, 543.707233, 1278.301320, 1.5, 590.19674989
36.0, 11302, 42023472.6446, 20716966.0991, 0.488019580, 0.48659116, 0.486591, -0.0000003, 2.0283403, 1.5417492, 0.49277885, 0.46618, 0.9946830709, 558.555419, 1289.117497, 1.5, 605.20474471
37.0, 11914, 42047801.9663, 20588112.9370, 0.501964235, 0.50059832, 0.500598, -0.0000003, 2.0422151, 1.5416168, 0.49274142, 0.46615, 0.9945933803, 573.394898, 1299.925960, 1.5, 620.20151789
38.0, 12542, 42072416.1710, 20459461.9367, 0.515278137, 0.51397570, 0.513976, -0.0000003, 2.0562586, 1.5422829, 0.49333904, 0.46674, 0.9945028815, 588.244973, 1310.740555, 1.5, 635.20718821
39.0, 13185, 42097244.1628, 20331012.6103, 0.527952817, 0.52671461, 0.526715, -0.0000003, 2.0704701, 1.5437555, 0.49457793, 0.46797, 0.9944114546, 603.125191, 1321.575285, 1.5, 650.24210467
40.0, 13842, 42122217.1628, 20202764.4228, 0.539981712, 0.53880832, 0.538808, -0.0000003, 2.0848491, 1.5460408, 0.49646252, 0.46983, 0.9943189746, 618.055285, 1332.444267, 1.5, 665.32678563
41.0, 14515, 42147268.6251, 20074716.7951, 0.551359734, 0.55025161, 0.550252, -0.0000003, 2.0993951, 1.5491435, 0.49899588, 0.47234, 0.9942253120, 633.055117, 1343.361703, 1.5, 680.48186947
42.0, 15203, 42172334.1420, 19946869.1072, 0.562082621, 0.56104037, 0.561040, -0.0000003, 2.1141077, 1.5530673, 0.50218000, 0.47550, 0.9941303327, 648.144644, 1354.341847, 1.5, 695.72807589
43.0, 15907, 42197351.3435, 19819220.7012, 0.572147595, 0.57117127, 0.571171, -0.0000005, 2.1289865, 1.5578152, 0.50601608, 0.47930, 0.9940338984, 663.343884, 1365.398991, 1.5, 711.08617748
44.0, 16626, 42222259.7898, 19691770.8836, 0.581551499, 0.58064137, 0.580641, -0.0000004, 2.1440314, 1.5633900, 0.51050481, 0.48375, 0.9939358661, 678.672894, 1376.547444, 1.6, 726.57697732
45.0, 17360, 42251000.8624, 19564518.9287, 0.590291991, 0.58944792, 0.589448, -0.0000004, 2.1592423, 1.5697943, 0.51564661, 0.48884, 0.9938360887, 694.151763, 1387.801528, 1.6, 742.22130033
46.0, 18110, 42315518.3595, 19437377.8099, 0.598438635, 0.59763744, 0.597637, -0.0000004, 2.1766865, 1.5790491, 0.53303569, 0.49262, 0.9937341586, 709.830052, 1399.204146, 1.6, 758.05986977
47.0, 18876, 42379755.1987, 19310276.5090, 0.606124478, 0.60538338, 0.605383, -0.0000004, 2.1943417, 1.5889584, 0.54093302, 0.50041, 0.9936279886, 725.834317, 1410.982751, 1.6, 774.03304811
48.0, 19658, 42443656.8678, 19183214.7109, 0.613256971, 0.61256185, 0.612562, -0.0000003, 2.2122092, 1.5996473, 0.55943396, 0.50510, 0.9935187778, 742.116106, 1422.996292, 1.6, 790.23721108
49.0, 20457, 42507168.0697, 19056192.0699, 0.619867706, 0.61923522, 0.619235, -0.0000003, 2.2302901, 1.6110548, 0.56848894, 0.51400, 0.9934053515, 758.738595, 1435.366659, 1.7, 806.62994336
50.0, 21272, 42570236.4875, 18929208.2094, 0.625954554, 0.62537149, 0.625371, -0.0000003, 2.2485859, 1.6232144, 0.58812138, 0.51962, 0.9932877074, 775.709657, 1448.084851, 1.7, 823.23832767
51.0, 22103, 42632808.4219, 18802262.7239, 0.631478224, 0.63094658, 0.630947, -0.0000003, 2.2670982, 1.6361516, 0.60834879, 0.52567, 0.9931657452, 793.041948, 1461.152420, 1.7, 840.08455130
52.0, 22952, 42694831.4092, 18675355.1785, 0.636428269, 0.63596405, 0.635964, -0.0000005, 2.2858283, 1.6498642, 0.61916726, 0.53622, 0.9930389445, 810.766269, 1474.615112, 1.7, 857.16551791
53.0, 23818, 42756255.0892, 18548485.1110, 0.640826672, 0.64041773, 0.640418, -0.0000004, 2.3047780, 1.6643603, 0.64058014, 0.54323, 0.9929068657, 828.908911, 1488.508230, 1.7, 874.48309278
54.0, 24701, 42817029.4454, 18421652.0317, 0.644605482, 0.64425400, 0.644254, -0.0000003, 2.3239492, 1.6796951, 0.66262756, 0.55069, 0.9927697909, 847.466189, 1502.790401, 1.8, 892.08648570
55.0, 25602, 42877104.9994, 18294855.4257, 0.647771049, 0.64747933, 0.647479, -0.0000003, 2.3433435, 1.6958641, 0.68530329, 0.55859, 0.9926270534, 866.473784, 1517.519144, 1.8, 909.96511849
56.0, 26521, 42936433.0036, 18168094.7521, 0.650289548, 0.65006622, 0.650066, -0.0000004, 2.3629630, 1.7128967, 0.69862732, 0.57146, 0.9924784971, 885.946107, 1532.697370, 1.8, 928.14227159
57.0, 27458, 42994966.8267, 18041369.4460, 0.652169924, 0.65201666, 0.652017, -0.0000003, 2.3828097, 1.7307931, 0.72259674, 0.58040, 0.9923234116, 905.918786, 1548.383381, 1.9, 946.60505530
58.0, 28414, 43052659.4562, 17914678.9188, 0.653387841, 0.65330116, 0.653301, -0.0000004, 2.4028859, 1.7495847, 0.74723309, 0.58981, 0.9921616078, 926.406678, 1564.580636, 1.9, 965.37628276
59.0, 29389, 43109465.7501, 17788022.5588, 0.653902949, 0.65388517, 0.653885, -0.0000004, 2.4231938, 1.7693088, 0.77256174, 0.59972, 0.9919929962, 947.421489, 1581.282118, 1.9, 984.48771038
60.0, 30383, 42055341.3804, 17661399.7326, 0.653605145, 0.65375694, 0.653757, 0.0000003, 2.4437359, 1.7899789, 0.79859018, 0.61013, 0.9918170333, 968.991494, 1598.524952, 2.0, 1003.94110089
61.0, 31397, 41773544.7610, 17539648.3245, 0.650228025, 0.65062173, 0.650622, 0.0000004, 2.3832731, 1.7326514, 0.73451916, 0.57759, 0.9916499718, 989.398157, 1614.720978, 1.9, 1022.50246036
62.0, 32428, 41490662.6777, 17419212.3429, 0.645627472, 0.64614039, 0.646140, 0.0000005, 2.3835177, 1.7373773, 0.73829366, 0.58121, 0.9914816549, 1009.817812, 1630.874079, 1.9, 1041.14214837
63.0, 33479, 41206650.0081, 17300087.8702, 0.639856782, 0.64048496, 0.640485, 0.0000003, 2.3835199, 1.7430349, 0.74278746, 0.58552, 0.9913106846, 1030.368512, 1647.117942, 1.9, 1059.90946712
64.0, 34548, 40843797.8757, 17182404.6000, 0.632896245, 0.63364690, 0.633647, 0.0000004, 2.3791860, 1.7455391, 0.74484585, 0.58749, 0.9911371963, 1051.028572, 1663.437135, 1.9, 1078.78270406
65.0, 35637, 40479731.0501, 17066321.5427, 0.624735807, 0.62560377, 0.625604, 0.0000004, 2.3740437, 1.7484399, 0.74721126, 0.58975, 0.9909614897, 1071.755927, 1679.801516, 1.9, 1097.71941848
66.0, 36744, 40114334.3288, 16951834.3976, 0.615507221, 0.61646530, 0.616465, 0.0000005, 2.3685313, 1.7520660, 0.75013700, 0.59256, 0.9907834057, 1092.568702, 1696.224345, 1.9, 1116.73829603
67.0, 37870, 39865876.5423, 16838735.6924, 0.605685646, 0.60669061, 0.606691, 0.0000005, 2.3689903, 1.7622997, 0.76815827, 0.59546, 0.9906004969, 1113.608709, 1712.926887, 1.9, 1135.80362920
68.0, 39015, 39615671.3950, 16726773.5602, 0.595340490, 0.59639802, 0.596398, 0.0000003, 2.3698994, 1.7735013, 0.77691881, 0.60384, 0.9904130661, 1134.936681, 1729.873585, 1.9, 1155.09620979
69.0, 40180, 39363739.0394, 16615945.1030, 0.584561941, 0.58566026, 0.585660, 0.0000003, 2.3705549, 1.7848946, 0.79582000, 0.60742, 0.9902197533, 1156.600214, 1747.178706, 2.0, 1174.54204614
70.0, 41365, 39081479.8075, 16506296.4430, 0.573299223, 0.57444748, 0.574447, 0.0000003, 2.3693856, 1.7949382, 0.80367747, 0.61492, 0.9900217782, 1178.545593, 1764.723708, 2.0, 1194.20733370
71.0, 42569, 38797538.1286, 16397884.5774, 0.561613790, 0.56280079, 0.562801, 0.0000003, 2.3677449, 1.8049441, 0.82150158, 0.61732, 0.9898182176, 1200.785755, 1782.582192, 2.0, 1214.00599788
72.0, 43793, 38511937.9426, 16290706.8595, 0.549501326, 0.55073133, 0.550731, 0.0000003, 2.3658011, 1.8150697, 0.82941300, 0.62485, 0.9896097033, 1223.298462, 1800.689959, 2.0, 1233.98859027
73.0, 45037, 38169948.5196, 16184854.0324, 0.536970411, 0.53823889, 0.538239, 0.0000003, 2.3604921, 1.8222532, 0.84506655, 0.62504, 0.9893966476, 1246.046062, 1819.004069, 2.0, 1254.14095094
74.0, 46301, 37826356.8219, 16080437.4851, 0.524051039, 0.52536091, 0.525361, 0.0000003, 2.3544625, 1.8291016, 0.85046361, 0.63016, 0.9891780716, 1269.024001, 1837.601327, 2.0, 1274.33328035
75.0, 47585, 37481193.7221, 15977454.6919, 0.480482658, 0.48163953, 0.481640, 0.0000005, 2.3480448, 1.8664051, 0.87911809, 0.65742, 0.9889555282, 1292.206245, 1856.342584, 2.1, 1294.72614449
76.0, 48891, 37513559.9806, 15449454.6113, 0.469577336, 0.47067035, 0.470670, 0.0000003, 2.4279427, 1.9572723, 0.99833312, 0.69480, 0.9886992718, 1318.127089, 1877.696224, 2.2, 1316.88651223
77.0, 50219, 37544461.8824, 15347259.4613, 0.458591210, 0.45969396, 0.459694, 0.0000003, 2.4461329, 1.9864390, 1.03057508, 0.70973, 0.9884292213, 1344.915248, 1899.938956, 2.3, 1339.49072110
78.0, 51570, 37573935.2279, 15245064.3113, 0.447509876, 0.44862278, 0.448623, 0.0000003, 2.4644731, 2.0158503, 1.06296243, 0.72465, 0.9881469440, 1372.464601, 1922.912488, 2.3, 1362.55559117
79.0, 52945, 37602016.2529, 15142869.1613, 0.436330213, 0.43745340, 0.437453, 0.0000003, 2.4829687, 2.0455153, 1.09550318, 0.73955, 0.9878520728, 1400.778490, 1946.620096, 2.4, 1386.07959858
80.0, 54343, 37628741.5556, 15040674.0113, 0.425051846, 0.42618519, 0.426185, 0.0000003, 2.5016252, 2.0754400, 1.12820327, 0.75444, 0.9875442256, 1429.860536, 1971.065206, 2.4, 1410.06155448
81.0, 55765, 37654148.1007, 14938478.8613, 0.413678815, 0.41482009, 0.414820, 0.0000003, 2.5204484, 2.1056283, 1.16106678, 0.76933, 0.9872230065, 1459.714579, 1996.251359, 2.5, 1434.50054166
82.0, 57212, 37678273.2105, 14836283.7113, 0.402211893, 0.40336247, 0.403362, 0.0000003, 2.5394444, 2.1360819, 1.19409607, 0.78423, 0.9868880056, 1490.344617, 2022.182165, 2.5, 1459.39585656
83.0, 58684, 37701154.8630, 14734088.5613, 0.390659412, 0.39181686, 0.391817, 0.0000003, 2.5586192, 2.1668023, 1.23729326, 0.79223, 0.9865389424, 1521.751484, 2048.850354, 2.6, 1484.75773213
84.0, 60181, 37722831.0079, 14631893.4113, 0.379027223, 0.38019226, 0.380192, 0.0000003, 2.5779792, 2.1977869, 1.27065767, 0.80702, 0.9861753854, 1553.939488, 2076.259581, 2.6, 1510.58636844
85.0, 61705, 37743340.0944, 14529698.2613, 0.367329185, 0.36850060, 0.368501, 0.0000003, 2.5975309, 2.2290303, 1.30418625, 0.82184, 0.9857967415, 1586.915846, 2104.424480, 2.6, 1536.87013941
86.0, 63255, 37762720.5054, 14427503.1113, 0.355575176, 0.35675163, 0.356752, 0.0000003, 2.6172812, 2.2605295, 1.33787782, 0.83666, 0.9854028475, 1620.678676, 2133.326687, 2.7, 1563.63218973
87.0, 64833, 37781010.9611, 14325307.9613, 0.343782039, 0.34496200, 0.344962, 0.0000003, 2.6372368, 2.2922748, 1.37172633, 0.85151, 0.9849929347, 1655.238056, 2162.991660, 2.7, 1590.84916981
88.0, 66437, 37798246.1961, 14223112.8113, 0.331972240, 0.33315086, 0.333151, 0.0000003, 2.6574049, 2.3242541, 1.40572362, 0.86636, 0.9845668231, 1690.592079, 2193.400846, 2.8, 1618.54496754
89.0, 68070, 37814437.3843, 14120917.6613, 0.320206985, 0.32138026, 0.321380, 0.0000003, 2.6777909, 2.3564106, 1.43982880, 0.88119, 0.9841240314, 1726.743979, 2224.557055, 2.8, 1646.71930869
90.0, 69731, 37829625.9490, 14018722.5113, 0.308503366, 0.30966985, 0.309670, 0.0000003, 2.6984021, 2.3887323, 1.47403412, 0.89599, 0.9836640731, 1763.696224, 2256.462528, 2.9, 1675.37122879
91.0, 71421, 37843856.3910, 13916527.3613, 0.296878139, 0.29803630, 0.298036, 0.0000003, 2.7192470, 2.4212107, 1.50833472, 0.91075, 0.9831861277, 1801.456733, 2289.141353, 2.9, 1704.47426897
92.0, 73140, 37857172.3673, 13814332.2113, 0.285344851, 0.28649313, 0.286493, 0.0000003, 2.7403337, 2.4538406, 1.54272774, 0.92549, 0.9826899984, 1840.022178, 2322.573645, 3.0, 1734.05243011
93.0, 74889, 37869616.8606, 13712137.0613, 0.273919336, 0.27505613, 0.275056, 0.0000003, 2.7616709, 2.4866148, 1.57720901, 0.94018, 0.9821751632, 1879.394701, 2356.761386, 3.0, 1764.10463663
94.0, 76668, 37881231.9646, 13609941.9113, 0.262617705, 0.26374140, 0.263741, 0.0000003, 2.7832673, 2.5195259, 1.61177423, 0.95485, 0.9816410886, 1919.576317, 2391.706466, 3.1, 1794.62976062
95.0, 78478, 37892058.8371, 13507746.7613, 0.251456180, 0.25256515, 0.252565, 0.0000003, 2.8051318, 2.5525667, 1.64641919, 0.96947, 0.9810872293, 1960.568921, 2427.410680, 3.1, 1825.62661849
96.0, 80320, 37902137.6979, 13405551.6113, 0.240449555, 0.24154221, 0.241542, 0.0000003, 2.8272736, 2.5857314, 1.68114056, 0.98406, 0.9805133752, 2002.369093, 2463.853800, 3.2, 1857.12134192
97.0, 82193, 37911507.7809, 13303356.4613, 0.229615036, 0.23068980, 0.230690, 0.0000003, 2.8497020, 2.6190122, 1.71593390, 0.99861, 0.9799186211, 2044.983678, 2501.059394, 3.2, 1889.08566934
98.0, 84094, 37920187.6424, 13201161.3113, 0.218905576, 0.21996032, 0.219960, 0.0000003, 2.8724256, 2.6524652, 2.42296868, 0.10000, 0.9791695385, 2087.895314, 2547.164636, 0.3, 1905.38805324
99.0, 86001, 37928132.0199, 13098966.1613, 0.208662017, 0.20966146, 0.209661, 0.0000005, 2.8954475, 2.6857861, 2.45978851, 0.10000, 0.9782823915, 2131.421213, 2600.721448, 0.3, 1908.60545824
100.0, 87911, 37935391.8943, 12996771.0113, 0.198947231, 0.19989551, 0.199896, 0.0000005, 2.9187784, 2.7188829, 2.49627966, 0.10000, 0.9773629513, 2176.040753, 2655.082256, 0.3, 1911.82286324
101.0, 89824, 37942026.7879, 12894575.8613, 0.189724844, 0.19062545, 0.190625, 0.0000004, 2.9424302, 2.7518048, 2.53250108, 0.10000, 0.9764104804, 2221.741754, 2710.240504, 0.3, 1915.04026824
102.0, 91741, 37948091.0005, 12792380.7113, 0.180961827, 0.18181791, 0.181818, 0.0000004, 2.9664149, 2.7845970, 2.56850691, 0.10000, 0.9754242165, 2268.512683, 2766.190877, 0.3, 1918.25767324
103.0, 93661, 37953634.0717, 12690185.5613, 0.172628328, 0.17344274, 0.173443, 0.0000004, 2.9907444, 2.8173017, 2.60434704, 0.10000, 0.9744033712, 2316.342684, 2822.929200, 0.3, 1921.47507824
104.0, 95584, 37958701.2020, 12587990.4113, 0.164697313, 0.16547264, 0.165473, 0.0000004, 3.0154309, 2.8499582, 2.64006772, 0.10000, 0.9733471310, 2365.221616, 2880.452352, 0.3, 1924.69248324
105.0, 97510, 37963333.6362, 12485795.2613, 0.157144236, 0.15788283, 0.157883, 0.0000004, 3.0404863, 2.8826034, 2.67571199, 0.10000, 0.9722546557, 2415.140074, 2938.758190, 0.3, 1927.90988824
106.0, 99440, 37967569.0123, 12383600.1113, 0.149946759, 0.15065075, 0.150651, 0.0000003, 3.0659228, 2.9152721, 2.71132011, 0.10000, 0.9711250790, 2466.089407, 2997.845484, 0.3, 1931.12729324
107.0, 101372, 37971441.6801, 12281404.9613, 0.143084497, 0.14375585, 0.143756, 0.0000003, 3.0917529, 2.9479971, 2.74692995, 0.10000, 0.9699575072, 2518.061734, 3057.713861, 0.3, 1934.34469824
108.0, 103308, 37974982.9906, 12179209.8113, 0.136538796, 0.13717931, 0.137179, 0.0000003, 3.1179891, 2.9808098, 2.78257729, 0.10000, 0.9687510192, 2571.049952, 3118.363753, 0.3, 1937.56210324
109.0, 105248, 37978221.3045, 12077014.6613, 0.130294476, 0.13090480, 0.130905, 0.0000003, 3.1446439, 3.0137391, 2.81829507, 0.10000, 0.9675046652, 2625.047744, 3179.796358, 0.3, 1940.77950824
110.0, 107190, 37981174.9511, 11974819.5113, 0.124369122, 0.12494691, 0.124947, 0.0000003, 3.1717298, 3.0467829, 2.85408266, 0.10000, 0.9662174727, 2680.049319, 3242.013294, 0.3, 1943.99691324
111.0, 109136, 37983865.3374, 11872624.3613, 0.118757381, 0.11930477, 0.119305, 0.0000003, 3.1992596, 3.0799548, 2.88995626, 0.10000, 0.9648884543, 2736.049055, 3305.016170, 0.3, 1947.21431824
112.0, 111084, 37986317.2042, 11770429.2113, 0.113438805, 0.11395776, 0.113958, 0.0000003, 3.2272470, 3.1132892, 2.92595390, 0.10000, 0.9635165931, 2793.042127, 3368.807293, 0.3, 1950.43172324
113.0, 113036, 37988552.8472, 11668234.0613, 0.108394916, 0.10888700, 0.108887, 0.0000005, 3.2557059, 3.1468189, 2.96211174, 0.10000, 0.9621008375, 2851.024634, 3433.389784, 0.3, 1953.64912824
114.0, 114992, 37990592.3707, 11566038.9113, 0.103608047, 0.10407516, 0.104075, 0.0000005, 3.2846506, 3.1805754, 2.99846436, 0.10000, 0.9606401011, 2909.993584, 3498.767539, 0.3, 1956.86653324
115.0, 116950, 37992453.9134, 11463843.7613, 0.099062663, 0.09950632, 0.099506, 0.0000004, 3.3140957, 3.2145894, 3.03504496, 0.10000, 0.9591332613, 2969.946879, 3564.945199, 0.3, 1960.08393824
116.0, 118912, 37994153.8501, 11361648.6113, 0.094744218, 0.09516583, 0.095166, 0.0000004, 3.3440561, 3.2488903, 3.07188561, 0.10000, 0.9575791581, 3030.883308, 3631.928117, 0.3, 1963.30134324
117.0, 120877, 37995706.9712, 11259453.4613, 0.090639283, 0.09104014, 0.091040, 0.0000004, 3.3745473, 3.2835071, 3.10901742, 0.10000, 0.9559765928, 3092.802528, 3699.722341, 0.3, 1966.51874824
118.0, 122845, 37997126.6442, 11157258.3113, 0.086735440, 0.08711674, 0.087117, 0.0000004, 3.4055849, 3.3184682, 3.14647071, 0.10000, 0.9543243268, 3155.705059, 3768.334591, 0.3, 1969.73615324
119.0, 124816, 37998424.9566, 11055063.1613, 0.083021182, 0.08338403, 0.083384, 0.0000004, 3.4371853, 3.3538012, 3.18427513, 0.10000, 0.9526210799, 3219.592269, 3837.772247, 0.3, 1972.95355824
120.0, 126791, 37999612.8449, 10952868.0113, 0.079485828, 0.07983126, 0.079831, 0.0000003, 3.4693652, 3.3895339, 3.22245988, 0.10000, 0.9508655291, 3284.466366, 3908.043333, 0.3, 1976.17096324
121.0, 128769, 38000700.2093, 10850672.8613, 0.076119445, 0.07644843, 0.076448, 0.0000003, 3.5021419, 3.4256934, 3.26105377, 0.10000, 0.9490563066, 3350.330388, 3979.156507, 0.3, 1979.38836824
122.0, 130750, 38001696.0168, 10748477.7113, 0.072912785, 0.07322621, 0.073226, 0.0000003, 3.5355332, 3.4623070, 3.30008533, 0.10000, 0.9471919982, 3417.188200, 4051.121059, 0.3, 1982.60577324
123.0, 132734, 38002608.3936, 10646282.5613, 0.069857219, 0.07015592, 0.070156, 0.0000003, 3.5695578, 3.4994019, 3.33958300, 0.10000, 0.9452711415, 3485.044482, 4123.946901, 0.3, 1985.82317824
124.0, 134721, 38003444.7073, 10544087.4113, 0.066944688, 0.06722944, 0.067229, 0.0000003, 3.6042346, 3.5370051, 3.37957513, 0.10000, 0.9432922238, 3553.904728, 4197.644570, 0.3, 1989.04058324
125.0, 136712, 38004211.6419, 10441892.2613, 0.064167650, 0.06443920, 0.064439, 0.0000003, 3.6395834, 3.5751442, 3.42009016, 0.10000, 0.9412536801, 3623.775241, 4272.225224, 0.3, 1992.25798824
126.0, 138706, 38004915.2637, 10339697.1113, 0.061519045, 0.06177806, 0.061778, 0.0000003, 3.6756248, 3.6138468, 3.46115667, 0.10000, 0.9391538912, 3694.663134, 4347.700648, 0.3, 1995.47539324
127.0, 140703, 38005561.0813, 10237501.9613, 0.058992489, 0.05923938, 0.059239, 0.0000005, 3.7123801, 3.6531408, 3.50280347, 0.10000, 0.9369911805, 3766.576325, 4424.083253, 0.3, 1998.69279824
128.0, 142703, 38006153.9627, 10135306.8113, 0.056578450, 0.05681405, 0.056814, 0.0000005, 3.7498714, 3.6930573, 3.56751391, 0.01975, 0.9347534262, 3839.390359, 4501.744467, 0.0, 1999.97777418
129.0, 144703, 38006697.8291, 10033111.6613, 0.054280083, 0.05450434, 0.054504, 0.0000004, 3.7881215, 3.7336171, 3.61479936, 0.00173, 0.9324417627, 3913.191258, 4580.580324, 0.0, 1999.99760746
130.0, 146703, 38007196.9604, 9930916.5113, 0.052093063, 0.05230652, 0.052307, 0.0000004, 3.8271542, 3.7748477, 3.65835856, 0.00023, 0.9300613328, 3988.067164, 4660.359192, 0.0, 2000.00069569
131.0, 148703, 38007655.2927, 9828721.3613, 0.050011061, 0.05021430, 0.050214, 0.0000004, 3.8669945, 3.8167802, 3.70227828, 0.00001, 0.9276102898, 4064.028677, 4741.093301, 0.0, 1999.99999135
132.0, 150703, 38008076.3914, 9726526.2113, 0.048028261, 0.04822185, 0.048222, 0.0000004, 3.9076681, 3.8594462, 3.74687454, -0.00000, 0.9250866632, 4141.086930, 4822.797469, -0.0, 2000.00000477
133.0, 152703, 38008463.4904, 9624331.0613, 0.046139231, 0.04632370, 0.046324, 0.0000004, 3.9492019, 3.9028782, 3.79222724, 0.00000, 0.9224883809, 4219.253588, 4905.488141, 0.0, 1999.99999968
134.0, 154703, 38008819.7349, 9522135.9113, 0.044335231, 0.04451262, 0.044513, 0.0000003, 3.9916239, 3.9471113, 3.83837626, 0.00000, 0.9198132970, 4298.541286, 4989.182364, 0.0, 1999.99999968
135.0, 156703, 38009149.6988, 9419940.7613, 0.042592658, 0.04276376, 0.042764, 0.0000003, 4.0349636, 3.9921998, 3.88537643, 0.00000, 0.9170591755, 4378.963843, 5073.898209, 0.0, 1999.99999968
136.0, 158703, 37209865.1938, 9317935.3313, 0.040907693, 0.04107538, 0.041075, 0.0000003, 4.0276811, 3.9866057, 3.88029556, 0.00000, 0.9142269053, 4460.444074, 5159.557944, 0.0, 1999.99999968
137.0, 160703, 34011765.8155, 9222380.3813, 0.039190730, 0.03936486, 0.039365, 0.0000003, 3.7226374, 3.6832726, 3.56864342, 0.00000, 0.9114797783, 4538.324759, 5241.282652, 0.0, 1999.99999968
138.0, 162703, 30813612.7580, 9136311.4313, 0.037417873, 0.03759688, 0.037597, 0.0000003, 3.4076586, 3.3700617, 3.24510694, 0.00000, 0.9089279551, 4609.682603, 5316.040252, 0.0, 1999.99999968
139.0, 164703, 16687512.1449, 8316425.7033, 0.029954779, 0.03013882, 0.030139, 0.0000004, 2.0065710, 1.9764322, 1.75607422, 0.00000, 0.9067765860, 4669.104265, 5378.208098, 0.0, 1999.99999968
140.0, 166703, 16687642.1887, 8277470.5533, 0.028171759, 0.02834483, 0.028345, 0.0000003, 2.0160301, 1.9876853, 1.76942260, 0.00000, 0.9054222390, 4706.101127, 5416.877332, 0.0, 1999.99999968
141.0, 168703, 16687760.5444, 8238515.4033, 0.026530472, 0.02669386, 0.026694, 0.0000003, 2.0255772, 1.9988833, 1.78268957, 0.00000, 0.9040477339, 4743.404114, 5455.838328, 0.0, 1999.99999968
142.0, 170703, 16687872.6658, 8199560.2533, 0.024940924, 0.02509575, 0.025096, 0.0000003, 2.0352142, 2.0101185, 1.79597903, 0.00000, 0.9026528584, 4781.012837, 5495.090715, 0.0, 1999.99999968
143.0, 172703, 16687977.0608, 8160605.1033, 0.023435047, 0.02358169, 0.023582, 0.0000003, 2.0449423, 2.0213607, 1.80925765, 0.00000, 0.9012373852, 4818.927265, 5534.634502, 0.0, 1999.99999968
144.0, 174703, 16688074.2174, 8121649.9533, 0.022009063, 0.02214790, 0.022148, 0.0000003, 2.0547629, 2.0326150, 1.82253161, 0.00000, 0.8998010917, 4857.147194, 5574.469517, 0.0, 1999.99999968
145.0, 176703, 16688164.5956, 8082694.8033, 0.020659339, 0.02079072, 0.020791, 0.0000003, 2.0646772, 2.0438865, 1.83580690, 0.00000, 0.8983437489, 4895.672543, 5614.595725, 0.0, 1999.99999968
146.0, 178703, 16688248.6286, 8043739.6533, 0.019382626, 0.01950666, 0.019507, 0.0000005, 2.0746868, 2.0551801, 1.84908935, 0.00000, 0.8968651214, 4934.503352, 5655.013218, 0.0, 1999.99999968
147.0, 180703, 16688326.7249, 8004784.5033, 0.018175061, 0.01829233, 0.018292, 0.0000005, 2.0847931, 2.0665007, 1.86238462, 0.00000, 0.8953649673, 4973.639779, 5695.722218, 0.0, 1999.99999968
148.0, 182703, 16688399.2688, 7965829.3533, 0.017033674, 0.01714449, 0.017144, 0.0000004, 2.0949975, 2.0778530, 1.87569820, 0.00000, 0.8938430382, 5013.082097, 5736.723065, 0.0, 1999.99999968
149.0, 184703, 16688466.6222, 7926874.2033, 0.015955356, 0.01606002, 0.016060, 0.0000004, 2.1053015, 2.0892415, 1.88903546, 0.00000, 0.8922990792, 5052.830690, 5778.016221, 0.0, 1999.99999968
150.0, 186703, 16688529.1254, 7887919.0533, 0.014937124, 0.01503594, 0.015036, 0.0000004, 2.1157067, 2.1006708, 1.90240158, 0.00000, 0.8907328288, 5092.886053, 5819.602261, 0.0, 1999.99999968
151.0, 188703, 16688587.0987, 7848963.9033, 0.013976111, 0.01406935, 0.014069, 0.0000004, 2.1262146, 2.1121452, 1.91580167, 0.00000, 0.8891440189, 5133.248787, 5861.481875, 0.0, 1999.99999968
152.0, 190703, 16688640.8429, 7810008.7533, 0.013069562, 0.01315750, 0.013157, 0.0000003, 2.1368268, 2.1236693, 1.92924065, 0.00000, 0.8875323747, 5173.919599, 5903.655863, 0.0, 1999.99999968
153.0, 192703, 16688690.6410, 7771053.6033, 0.012214831, 0.01229772, 0.012298, 0.0000003, 2.1475448, 2.1352471, 1.94272335, 0.00000, 0.8858976146, 5214.899298, 5946.125131, 0.0, 1999.99999968
154.0, 194703, 16688736.7584, 7732098.4533, 0.011409381, 0.01148747, 0.011487, 0.0000003, 2.1583704, 2.1468829, 1.95625451, 0.00000, 0.8842394501, 5256.188792, 5988.890690, 0.0, 1999.99999968
155.0, 196703, 16688779.4447, 7693143.3033, 0.010650776, 0.01072431, 0.010724, 0.0000003, 2.1693051, 2.1585808, 1.96983871, 0.00000, 0.8825575859, 5297.789091, 6031.953653, 0.0, 1999.99999968
156.0, 198703, 16688818.9340, 7654188.1533, 0.009936678, 0.01000588, 0.010006, 0.0000003, 2.1803508, 2.1703449, 1.98348047, 0.00000, 0.8808517198, 5339.701297, 6075.315234, 0.0, 1999.99999968
157.0, 200703, 16688855.4456, 7615233.0033, 0.009264846, 0.00932993, 0.009330, 0.0000003, 2.1915090, 2.1821791, 1.99718421, 0.00000, 0.8791215423, 5381.926612, 6118.976745, 0.0, 1999.99999968
158.0, 202703, 16688889.1856, 7576277.8533, 0.008633374, 0.00869432, 0.008694, 0.0000005, 2.2027817, 2.1940873, 2.01095425, 0.00000, 0.8773667370, 5424.466325, 6162.939591, 0.0, 1999.99999968
159.0, 204703, 16688920.3468, 7537322.7033, 0.008039707, 0.00809696, 0.008097, 0.0000005, 2.2141705, 2.2060735, 2.02479482, 0.00000, 0.8755869800, 5467.321822, 6207.205275, 0.0, 1999.99999968
160.0, 206703, 16688949.1101, 7498367.5533, 0.007482131, 0.00753589, 0.007536, 0.0000004, 2.2256773, 2.2181414, 2.03871010, 0.00000, 0.8737819404, 5510.494578, 6251.775390, 0.0, 1999.99999968
161.0, 208703, 16688975.6445, 7459412.4033, 0.006958759, 0.00700921, 0.007009, 0.0000004, 2.2373040, 2.2302948, 2.05270418, 0.00000, 0.8719512796, 5553.986154, 6296.651619, 0.0, 1999.99999968
162.0, 210703, 16689000.1086, 7420457.2533, 0.006467785, 0.00651510, 0.006515, 0.0000004, 2.2490525, 2.2425374, 2.06678108, 0.00000, 0.8700946516, 5597.798202, 6341.835735, 0.0, 1999.99999968
163.0, 212703, 16689022.6504, 7381502.1033, 0.006007482, 0.00605183, 0.006052, 0.0000004, 2.2609247, 2.2548729, 2.08094476, 0.00000, 0.8682117027, 5641.932458, 6387.329599, 0.0, 1999.99999968
164.0, 214703, 16689043.4086, 7342546.9533, 0.005576199, 0.00561774, 0.005618, 0.0000003, 2.2729227, 2.2673049, 2.09519913, 0.00000, 0.8663020715, 5686.390743, 6433.135157, 0.0, 1999.99999968
165.0, 216703, 16689062.5125, 7303591.8033, 0.005172359, 0.00521124, 0.005211, 0.0000003, 2.2850484, 2.2798371, 2.10954804, 0.00000, 0.8643653886, 5731.174964, 6479.254441, 0.0, 1999.99999968
166.0, 218703, 16689080.0831, 7264636.6533, 0.004794454, 0.00483083, 0.004831, 0.0000003, 2.2973039, 2.2924731, 2.12399530, 0.00000, 0.8624012768, 5776.287111, 6525.689567, 0.0, 1999.99999968
167.0, 220703, 16689096.2333, 7225681.5033, 0.004441047, 0.00447506, 0.004475, 0.0000003, 2.3096914, 2.3052164, 2.13854467, 0.00000, 0.8604093506, 5821.729256, 6572.442734, 0.0, 1999.99999968
168.0, 222703, 16689111.0684, 7186726.3533, 0.004110765, 0.00414254, 0.004143, 0.0000003, 2.3222130, 2.3180705, 2.15319989, 0.00000, 0.8583892162, 5867.503552, 6619.516222, 0.0, 1999.99999968
169.0, 224703, 16689124.6867, 7147771.2033, 0.003802533, 0.00383197, 0.003832, 0.0000005, 2.3348710, 2.3310390, 2.16796463, 0.00000, 0.8563404716, 5913.612234, 6666.912394, 0.0, 1999.99999968
170.0, 226703, 16689137.1798, 7108816.0533, 0.003514622, 0.00354208, 0.003542, 0.0000004, 2.3476674, 2.3441254, 2.18284256, 0.00000, 0.8542627060, 5960.057619, 6714.633693, 0.0, 1999.99999968
171.0, 228703, 16689148.6329, 7069860.9033, 0.003246093, 0.00327170, 0.003272, 0.0000004, 2.3606048, 2.3573331, 2.19783732, 0.00000, 0.8521555001, 6006.842102, 6762.682642, 0.0, 1999.99999968
172.0, 230703, 16689159.1255, 7030905.7533, 0.002995815, 0.00301967, 0.003020, 0.0000004, 2.3736854, 2.3706657, 2.21295252, 0.00000, 0.8500184256, 6053.968159, 6811.061843, 0.0, 1999.99999968
173.0, 232703, 16689168.7315, 6991950.6033, 0.002762712, 0.00278492, 0.002785, 0.0000004, 2.3869116, 2.3841267, 2.22819178, 0.00000, 0.8478510452, 6101.438344, 6859.773979, 0.0, 1999.99999968
174.0, 234703, 16689177.5125, 6952995.4533, 0.002546026, 0.00256664, 0.002567, 0.0000003, 2.4002859, 2.3977192, 2.24355843, 0.00000, 0.8456529126, 6149.255291, 6908.821808, 0.0, 1999.99999968
175.0, 236703, 16689185.5232, 6914040.3033, 0.002345016, 0.00236414, 0.002364, 0.0000003, 2.4138107, 2.4114466, 2.25905576, 0.00000, 0.8434235722, 6197.421703, 6958.208159, 0.0, 1999.99999968
176.0, 238703, 16689192.8274, 6875085.1533, 0.002158641, 0.00217637, 0.002176, 0.0000003, 2.4274888, 2.4253124, 2.27468746, 0.00000, 0.8411625592, 6245.940362, 7007.935940, 0.0, 1999.99999968
177.0, 240703, 16689199.4839, 6836130.0033, 0.001985931, 0.00200235, 0.002002, 0.0000003, 2.4413226, 2.4393203, 2.29045723, 0.00000, 0.8388693986, 6294.814134, 7058.008139, 0.0, 1999.99999968
178.0, 242703, 16689205.5468, 6797174.8533, 0.001826213, 0.00184118, 0.001841, 0.0000005, 2.4553149, 2.4534738, 2.30636872, 0.00000, 0.8365436057, 6344.045961, 7108.427825, 0.0, 1999.99999968
179.0, 244703, 16689211.0661, 6758219.7033, 0.001678127, 0.00169197, 0.001692, 0.0000005, 2.4694685, 2.4677765, 2.32242561, 0.00000, 0.8341846853, 6393.638872, 7159.198147, 0.0, 1999.99999968
180.0, 246703, 16689216.0877, 6719264.5533, 0.001541128, 0.00155393, 0.001554, 0.0000004, 2.4837861, 2.4822321, 2.33863156, 0.00000, 0.8317921319, 6443.595973, 7210.322335, 0.0, 1999.99999968
181.0, 248703, 16689220.6540, 6680309.4033, 0.001414458, 0.00142630, 0.001426, 0.0000004, 2.4982705, 2.4968443, 2.35499024, 0.00000, 0.8293654293, 6493.920454, 7261.803699, 0.0, 1999.99999968
182.0, 250703, 16689224.8038, 6641354.2533, 0.001297405, 0.00130834, 0.001308, 0.0000004, 2.5129249, 2.5116166, 2.37150536, 0.00000, 0.8269040504, 6544.615585, 7313.645631, 0.0, 1999.99999968
183.0, 252703, 16689228.5731, 6602399.1033, 0.001189304, 0.00119940, 0.001199, 0.0000003, 2.5277521, 2.5265527, 2.38818060, 0.00000, 0.8244074568, 6595.684719, 7365.851601, 0.0, 1999.99999968
184.0, 254703, 16689231.9948, 6563443.9533, 0.001089527, 0.00109884, 0.001099, 0.0000003, 2.5427553, 2.5416564, 2.40501969, 0.00000, 0.8218750992, 6647.131291, 7418.425165, 0.0, 1999.99999968
185.0, 256703, 16689235.0990, 6524488.8033, 0.000997490, 0.00100608, 0.001006, 0.0000003, 2.5579375, 2.5569315, 2.42202638, 0.00000, 0.8193064162, 6698.958818, 7471.369956, 0.0, 1999.99999968
186.0, 258703, 16689237.9136, 6485533.6533, 0.000912644, 0.00092056, 0.000921, 0.0000003, 2.5733021, 2.5723816, 2.43920445, 0.00000, 0.8167008348, 6751.170903, 7524.689694, 0.0, 1999.99999968
187.0, 260703, 16689240.4640, 6446578.5033, 0.000834708, 0.00084177, 0.000842, 0.0000005, 2.5888524, 2.5880106, 2.45655772, 0.00000, 0.8140577699, 6803.771231, 7578.388178, 0.0, 1999.99999968
188.0, 262703, 16689242.7737, 6407623.3533, 0.000762715, 0.00076921, 0.000769, 0.0000004, 2.6045917, 2.6038225, 2.47409004, 0.00000, 0.8113766236, 6856.763575, 7632.469297, 0.0, 1999.99999968
189.0, 264703, 16689244.8640, 6368668.2033, 0.000696469, 0.00070245, 0.000702, 0.0000004, 2.6205235, 2.6198211, 2.49180532, 0.00000, 0.8086567856, 6910.151791, 7686.937018, 0.0, 1999.99999968
190.0, 266703, 16689246.7547, 6329713.0533, 0.000635550, 0.00064104, 0.000641, 0.0000004, 2.6366514, 2.6360103, 2.50970751, 0.00000, 0.8058976326, 6963.939824, 7741.795401, 0.0, 1999.99999968
191.0, 268703, 16689248.4637, 6290757.9033, 0.000579566, 0.00058461, 0.000585, 0.0000003, 2.6529790, 2.6523943, 2.52780061, 0.00000, 0.8030985277, 7018.131707, 7797.048587, 0.0, 1999.99999968
192.0, 270703, 16689250.0075, 6251802.7533, 0.000528150, 0.00053278, 0.000533, 0.0000003, 2.6695100, 2.6689772, 2.54608868, 0.00000, 0.8002588205, 7072.731564, 7852.700810, 0.0, 1999.99999968
193.0, 272703, 16689251.4012, 6212847.6033, 0.000480961, 0.00048521, 0.000485, 0.0000003, 2.6862483, 2.6857631, 2.56457587, 0.00000, 0.7973778466, 7127.743609, 7908.756393, 0.0, 1999.99999968
194.0, 274703, 16689252.6585, 6173892.4533, 0.000437679, 0.00044158, 0.000442, 0.0000003, 2.7031978, 2.7027562, 2.58326636, 0.00000, 0.7944549270, 7183.172146, 7965.219748, 0.0, 1999.99999968
195.0, 276703, 16689253.7920, 6134937.3033, 0.000398247, 0.00040158, 0.000402, 0.0000005, 2.7203625, 2.7199610, 2.60216442, 0.00000, 0.7914893683, 7239.021578, 8022.095383, 0.0, 1999.99999968
196.0, 278703, 16689263.5000, 6095982.1533, 0.000000000, 0.00000000, -0.000000, 0.0000000, 2.7377481, 2.7377485, 2.62165740, 0.00000, 0.7884803953, 7295.297642, 8079.389163, 0.0, 1999.99999968
197.0, 280703, 16689263.5000, 6057027.0033, 0.000000000, 0.00000000, 0.000000, 0.0000000, 2.7553556, 2.7553556, 2.64094798, 0.00000, 0.7854269940, 7352.010309, 8137.111256, 0.0, 1999.99999968
198.0, 282703, 16689263.5000, 6018071.8533, 0.000000000, 0.00000000, 0.000000, 0.0000000, 2.7731911, 2.7731911, 2.66046286, 0.00000, 0.7823288136, 7409.156928, 8195.258980, 0.0, 1999.99999968
199.0, 284703, 16689263.5000, 5979116.7033, 0.000000000, 0.00000000, 0.000000, 0.0000000, 2.7912590, 2.7912590, 2.68020602, 0.00000, 0.7791850949, 7466.742354, 8253.837295, 0.0, 1999.99999968
200.0, 286703, 16689263.5000, 5940161.5533, 0.000000000, 0.00000000, 0.000000, 0.0000000, 2.8095639, 2.8095639, 2.70018195, 0.00000, 0.7759950621, 7524.771543, 8312.851258, 0.0, 1999.99999968
201.0, 288703, 16689263.5000, 5901206.4033, 0.000000000, 0.00000000, 0.000000, 0.0000000, 2.8281105, 2.8281105, 2.72039523, 0.00000, 0.7727579222, 7583.249551, 8372.306024, 0.0, 1999.99999968
202.0, 290703, 16689263.5000, 5862251.2533, 0.000000000, 0.00000000, 0.000000, 0.0000000, 2.8469035, 2.8469035, 2.74085058, 0.00000, 0.7694728647, 7642.181535, 8432.206853, 0.0, 1999.99999968
203.0, 292703, 16689263.5000, 5823296.1033, 0.000000000, 0.00000000, 0.000000, 0.0000000, 2.8659479, 2.8659479, 2.76155286, 0.00000, 0.7661390609, 7701.572762, 8492.559108, 0.0, 1999.99999968
204.0, 294703, 16689263.5000, 5784340.9533, 0.000000000, 0.00000000, 0.000000, 0.0000000, 2.8852489, 2.8852489, 2.78250704, 0.00000, 0.7627556638, 7761.428606, 8553.368259, 0.0, 1999.99999968
205.0, 296703, 16689263.5000, 5745385.8033, 0.000000000, 0.00000000, 0.000000, 0.0000000, 2.9048116, 2.9048116, 2.80371823, 0.00000, 0.7593218069, 7821.754553, 8614.639888, 0.0, 1999.99999968
206.0, 298703, 16689263.5000, 5706430.6533, 0.000000000, 0.00000000, 0.000000, 0.0000000, 2.9246414, 2.9246414, 2.82519168, 0.00000, 0.7558366041, 7882.556203, 8676.379691, 0.0, 1999.99999968
207.0, 300703, 16689263.5000, 5667475.5033, 0.000000000, 0.00000000, 0.000000, 0.0000000, 2.9447438, 2.9447438, 2.84693278, 0.00000, 0.7522991490, 7943.839276, 8738.593480, 0.0, 1999.99999968
208.0, 302703, 16689263.5000, 5628520.3533, 0.000000000, 0.00000000, 0.000000, 0.0000000, 2.9651245, 2.9651245, 2.86894708, 0.00000, 0.7487085144, 8005.609611, 8801.287186, 0.0, 1999.99999968
209.0, 304703, 16689263.5000, 5589565.2033, 0.000000000, 0.00000000, 0.000000, 0.0000000, 2.9857892, 2.9857892, 2.89124027, 0.00000, 0.7450637513, 8067.873173, 8864.466866, 0.0, 1999.99999968
210.0, 306703, 16689263.5000, 5550610.0533, 0.000000000, 0.00000000, 0.000000, 0.0000000, 3.0067440, 3.0067440, 2.91381823, 0.00000, 0.7413638887, 8130.636053, 8928.138701, 0.0, 1999.99999968
211.0, 308703, 16689263.5000, 5511654.9033, 0.000000000, 0.00000000, 0.000000, 0.0000000, 3.0279950, 3.0279950, 2.93668696, 0.00000, 0.7376079327, 8193.904475, 8992.309003, 0.0, 1999.99999968
212.0, 310703, 16689263.5000, 5472699.7533, 0.000000000, 0.00000000, 0.000000, 0.0000000, 3.0495485, 3.0495485, 2.95985266, 0.00000, 0.7337948660, 8257.684798, 9056.984219, 0.0, 1999.99999968
213.0, 312703, 16689263.5000, 5433744.6033, 0.000000000, 0.00000000, 0.000000, 0.0000000, 3.0714111, 3.0714111, 2.98332172, 0.00000, 0.7299236466, 8321.983520, 9122.170933, 0.0, 1999.99999968
214.0, 314703, 16689263.5000, 5394789.4533, 0.000000000, 0.00000000, 0.000000, 0.0000000, 3.0935894, 3.0935894, 3.00710068, 0.00000, 0.7259932080, 8386.807280, 9187.875872, 0.0, 1999.99999968
215.0, 316703, 16316944.3000, 5355905.1705, 0.000000000, 0.00000000, 0.000000, 0.0000000, 3.0743397, 3.0743397, 2.98825959, 0.00000, 0.7220071710, 8452.085439, 9254.027452, 0.0, 1999.99999968
216.0, 318702, 14827667.5000, 5319430.3725, 0.000000000, 0.00000000, 0.000000, 0.0000000, 2.8154509, 2.8154509, 2.79730189, -0.39940, 0.7181891147, 8513.950405, 9316.920812, -1.3, 1998.07148712
217.0, 320694, 13338390.7000, 5286498.9345, 0.000000000, 0.00000000, 0.000000, 0.0000000, 2.5512761, 2.5512761, 2.53131012, -0.39640, 0.7146149490, 8570.275834, 9375.377275, -1.3, 1985.26943263
218.0, 322673, 10701315.5000, 5257766.1281, 0.000000000, 0.00000000, 0.000000, 0.0000000, 2.0589823, 2.0589823, 2.03422756, -0.39340, 0.7114407703, 8619.831582, 9426.932151, -1.3, 1972.56390028
219.0, 324639, 4425705.5000, 2991075.6458, 0.000000000, 0.00000000, 0.000000, 0.0000000, 1.4796368, 1.4796368, 1.44480626, -0.39040, 0.7093574997, 8651.620201, 9460.461910, -1.3, 1959.95489009
220.0, 326593, 4425705.5000, 2981323.8044, 0.000000000, 0.00000000, 0.000000, 0.0000000, 1.4844766, 1.4844766, 1.44953737, -0.38740, 0.7073766873, 8681.678042, 9492.208241, -1.2, 1947.44240204
221.0, 328534, 4425705.5000, 2971571.9630, 0.000000000, 0.00000000, 0.000000, 0.0000000, 1.4893482, 1.4893482, 1.45430392, -0.38440, 0.7053826965, 8711.869153, 9524.058745, -1.2, 1935.02643615
222.0, 330463, 4425705.5000, 2961820.1216, 0.000000000, 0.00000000, 0.000000, 0.0000000, 1.4942520, 1.4942520, 1.45910625, -0.38140, 0.7033754124, 8742.193876, 9556.014204, -1.2, 1922.70699240
223.0, 332380, 4425705.5000, 2952068.2802, 0.000000000, 0.00000000, 0.000000, 0.0000000, 1.4991881, 1.4991881, 1.46394471, -0.37840, 0.7013547193, 8772.652562, 9588.075407, -1.2, 1910.48407081
224.0, 334284, 4425705.5000, 2942316.4388, 0.000000000, 0.00000000, 0.000000, 0.0000000, 1.5041569, 1.5041569, 1.46881966, -0.37540, 0.6993204997, 8803.245576, 9620.243150, -1.2, 1898.35767136
225.0, 336176, 4425705.5000, 2932564.5974, 0.000000000, 0.00000000, 0.000000, 0.0000000, 1.5091587, 1.5091587, 1.47373145, -0.37240, 0.6972726349, 8833.973299, 9652.518238, -1.2, 1886.32779407
226.0, 338057, 4425705.5000, 2922812.7560, 0.000000000, 0.00000000, 0.000000, 0.0000000, 1.5141940, 1.5141940, 1.47868044, -0.36940, 0.6952110046, 8864.836122, 9684.901482, -1.2, 1874.39443892
227.0, 339925, 4425705.5000, 2913060.9146, 0.000000000, 0.00000000, 0.000000, 0.0000000, 1.5192629, 1.5192629, 1.48366699, -0.36640, 0.6931354872, 8895.834452, 9717.393702, -1.2, 1862.55760593
228.0, 341782, 4425705.5000, 2903309.0732, 0.000000000, 0.00000000, 0.000000, 0.0000000, 1.5243660, 1.5243660, 1.48869147, -0.36340, 0.6910459596, 8926.968709, 9749.995727, -1.2, 1850.81729508
229.0, 343627, 4425705.5000, 2893557.2318, 0.000000000, 0.00000000, 0.000000, 0.0000000, 1.5295034, 1.5295034, 1.49375426, -0.36040, 0.6889422972, 8958.239325, 9782.708394, -1.2, 1839.17350639
230.0, 345460, 4425705.5000, 2883805.3904, 0.000000000, 0.00000000, 0.000000, 0.0000000, 1.5346755, 1.5346755, 1.49885573, -0.35740, 0.6868243740, 8989.646747, 9815.532545, -1.2, 1827.62623984
231.0, 347282, 4425705.5000, 2874053.5490, 0.000000000, 0.00000000, 0.000000, 0.0000000, 1.5398828, 1.5398828, 1.50399625, -0.35440, 0.6846920622, 9021.191435, 9848.469034, -1.1, 1816.17549545
232.0, 349093, 4425705.5000, 2864301.7076, 0.000000000, 0.00000000, 0.000000, 0.0000000, 1.5451255, 1.5451255, 1.50917622, -0.35140, 0.6825452328, 9052.873864, 9881.518722, -1.1, 1804.82127320
233.0, 350892, 4425705.5000, 2854549.8662, 0.000000000, 0.00000000, 0.000000, 0.0000000, 1.5504040, 1.5504040, 1.51439602, -0.34840, 0.6803837549, 9084.694522, 9914.682478, -1.1, 1793.56357311
234.0, 352680, 4425705.5000, 2844798.0248, 0.000000000, 0.00000000, 0.000000, 0.0000000, 1.5557187, 1.5557187, 1.51965605, -0.34540, 0.6782074962, 9116.653909, 9947.961181, -1.1, 1782.40239516
235.0, 354457, 4425705.5000, 2835046.1834, 0.000000000, 0.00000000, 0.000000, 0.0000000, 1.5610700, 1.5610700, 1.52495670, -0.34240, 0.6760163228, 9148.752541, 9981.355717, -1.1, 1771.33773937
236.0, 356223, 4425705.5000, 2825294.3420, 0.000000000, 0.00000000, 0.000000, 0.0000000, 1.5664582, 1.5664582, 1.53029838, -0.33940, 0.6738100991, 9180.990947, 10014.866982, -1.1, 1760.36960572
237.0, 357977, 4425705.5000, 2815542.5006, 0.000000000, 0.00000000, 0.000000, 0.0000000, 1.5718837, 1.5718837, 1.53568149, -0.33640, 0.6715886878, 9213.369671, 10048.495881, -1.1, 1749.49799423
238.0, 359722, 4425705.5000, 2805790.6592, 0.000000000, 0.00000000, 0.000000, 0.0000000, 1.5773470, 1.5773470, 1.54110644, -0.33340, 0.6693519500, 9245.889269, 10082.243326, -1.1, 1738.72290488
239.0, 361455, 4425705.5000, 2796038.8178, 0.000000000, 0.00000000, 0.000000, 0.0000000, 1.5828484, 1.5828484, 1.54657366, -0.33040, 0.6670997450, 9278.550311, 10116.110240, -1.1, 1728.04433769
240.0, 363178, 4425705.5000, 2786286.9764, 0.000000000, 0.00000000, 0.000000, 0.0000000, 1.5883883, 1.5883883, 1.55208355, -0.32740, 0.6648319304, 9311.353384, 10150.097555, -1.1, 1717.46229264
241.0, 364890, 4425705.5000, 2776535.1350, 0.000000000, 0.00000000, 0.000000, 0.0000000, 1.5939670, 1.5939670, 1.55763656, -0.32440, 0.6625483620, 9344.299087, 10184.206212, -1.0, 1706.97676975
242.0, 366592, 4425705.5000, 2766783.2936, 0.000000000, 0.00000000, 0.000000, 0.0000000, 1.5995852, 1.5995852, 1.56323310, -0.32140, 0.6602488939, 9377.388032, 10218.437161, -1.0, 1696.58776900
243.0, 368283, 4425705.5000, 2757031.4522, 0.000000000, 0.00000000, 0.000000, 0.0000000, 1.6052430, 1.6052430, 1.56887363, -0.31840, 0.6579333784, 9410.620848, 10252.791363, -1.0, 1686.29529041
244.0, 369964, 4425705.5000, 2747279.6108, 0.000000000, 0.00000000, 0.000000, 0.0000000, 1.6109410, 1.6109410, 1.57455857, -0.31540, 0.6556016658, 9443.998176, 10287.269786, -1.0, 1676.09933396
245.0, 371635, 4425705.5000, 2737527.7694, 0.000000000, 0.00000000, 0.000000, 0.0000000, 1.6166797, 1.6166797, 1.58028838, -0.31240, 0.6532536047, 9477.520673, 10321.873410, -1.0, 1665.99989967
246.0, 373296, 4425705.5000, 2727775.9280, 0.000000000, 0.00000000, 0.000000, 0.0000000, 1.6224593, 1.6224593, 1.58606351, -0.30940, 0.6508890417, 9511.189010, 10356.603224, -1.0, 1655.99698752
247.0, 374947, 4425705.5000, 2718024.0866, 0.000000000, 0.00000000, 0.000000, 0.0000000, 1.6282805, 1.6282805, 1.59188441, -0.30640, 0.6485078215, 9545.003872, 10391.460228, -1.0, 1646.09059753
248.0, 376589, 4425705.5000, 2708272.2452, 0.000000000, 0.00000000, 0.000000, 0.0000000, 1.6341435, 1.6341435, 1.59775156, -0.30340, 0.6461097868, 9578.965958, 10426.445430, -1.0, 1636.28072968
249.0, 378220, 4425705.5000, 2698520.4038, 0.000000000, 0.00000000, 0.000000, 0.0000000, 1.6400489, 1.6400489, 1.60366542, -0.30040, 0.6436947786, 9613.075984, 10461.559851, -1.0, 1626.56738399
250.0, 379842, 4425705.5000, 2688768.5624, 0.000000000, 0.00000000, 0.000000, 0.0000000, 1.6459972, 1.6459972, 1.60962647, -0.29740, 0.6412626354, 9647.334680, 10496.804520, -1.0, 1616.95056044
251.0, 381454, 4425705.5000, 2679016.7210, 0.000000000, 0.00000000, 0.000000, 0.0000000, 1.6519888, 1.6519888, 1.61563519, -0.29440, 0.6388131941, 9681.742788, 10532.180478, -0.9, 1607.43025905
252.0, 383057, 4425705.5000, 2669264.8796, 0.000000000, 0.00000000, 0.000000, 0.0000000, 1.6580241, 1.6580241, 1.62169207, -0.29140, 0.6363462892, 9716.301069, 10567.688775, -0.9, 1598.00647980
253.0, 384650, 4425705.5000, 2659513.0382, 0.000000000, 0.00000000, 0.000000, 0.0000000, 1.6641037, 1.6641037, 1.62779760, -0.28840, 0.6338617534, 9751.010297, 10603.330474, -0.9, 1588.67922271
254.0, 386234, 4425705.5000, 2649761.1968, 0.000000000, 0.00000000, 0.000000, 0.0000000, 1.6702281, 1.6702281, 1.63395229, -0.28540, 0.6313594171, 9785.871262, 10639.106647, -0.9, 1579.44848776
255.0, 387809, 4425705.5000, 2640009.3554, 0.000000000, 0.00000000, 0.000000, 0.0000000, 1.6763977, 1.6763977, 1.64015664, -0.28240, 0.6288391084, 9820.884767, 10675.018379, -0.9, 1570.31427497
256.0, 389375, 4425705.5000, 2630257.5140, 0.000000000, 0.00000000, 0.000000, 0.0000000, 1.6826130, 1.6826130, 1.64641116, -0.27940, 0.6263006535, 9856.051633, 10711.066764, -0.9, 1561.27658432
257.0, 390931, 4425705.5000, 2620505.6726, 0.000000000, 0.00000000, 0.000000, 0.0000000, 1.6888746, 1.6888746, 1.65271638, -0.27640, 0.6237438761, 9891.372695, 10747.252908, -0.9, 1552.33541583
258.0, 392479, 4425705.5000, 2610753.8312, 0.000000000, 0.00000000, 0.000000, 0.0000000, 1.6951830, 1.6951830, 1.65907282, -0.27340, 0.6211685978, 9926.848804, 10783.577930, -0.9, 1543.49076948
259.0, 394018, 4425705.5000, 2601001.9898, 0.000000000, 0.00000000, 0.000000, 0.0000000, 1.7015387, 1.7015387, 1.66548102, -0.27040, 0.6185746377, 9962.480827, 10820.042959, -0.9, 1534.74264529
260.0, 395549, 4425705.5000, 2591250.1484, 0.000000000, 0.00000000, 0.000000, 0.0000000, 1.7079422, 1.7079422, 1.67194152, -0.26740, 0.6159618128, 9998.269646, 10856.649137, -0.9, 1526.09104324
261.0, 397071, 4425705.5000, 2581498.3070, 0.000000000, 0.00000000, 0.000000, 0.0000000, 1.7143941, 1.7143941, 1.67845486, -0.26440, 0.6133299376, 10034.216159, 10893.397616, -0.9, 1517.53596335
262.0, 398584, 4425705.5000, 2571746.4656, 0.000000000, 0.00000000, 0.000000, 0.0000000, 1.7208949, 1.7208949, 1.68502162, -0.26140, 0.6106788241, 10070.321280, 10930.289562, -0.8, 1509.07740560
263.0, 400089, 4425705.5000, 2561994.6242, 0.000000000, 0.00000000, 0.000000, 0.0000000, 1.7274453, 1.7274453, 1.69164234, -0.25840, 0.6080082820, 10106.585939, 10967.326153, -0.8, 1500.71537001
264.0, 401585, 4425705.5000, 2552242.7828, 0.000000000, 0.00000000, 0.000000, 0.0000000, 1.7340457, 1.7340457, 1.69831760, -0.25540, 0.6053181185, 10143.011083, 11004.508579, -0.8, 1492.44985656
265.0, 403074, 4425705.5000, 2542490.9414, 0.000000000, 0.00000000, 0.000000, 0.0000000, 1.7406967, 1.7406967, 1.70504798, -0.25240, 0.6026081381, 10179.597675, 11041.838043, -0.8, 1484.28086527
266.0, 404554, 4425705.5000, 2532739.1000, 0.000000000, 0.00000000, 0.000000, 0.0000000, 1.7473989, 1.7473989, 1.71183407, -0.24940, 0.5998781428, 10216.346694, 11079.315760, -0.8, 1476.20839612
267.0, 406026, 4425705.5000, 2522987.2586, 0.000000000, 0.00000000, 0.000000, 0.0000000, 1.7541529, 1.7541529, 1.71867647, -0.24640, 0.5971279322, 10253.259136, 11116.942959, -0.8, 1468.23244913
268.0, 407491, 4425705.5000, 2513235.4172, 0.000000000, 0.00000000, 0.000000, 0.0000000, 1.7609594, 1.7609594, 1.72557577, -0.24340, 0.5943573029, 10290.336014, 11154.720882, -0.8, 1460.35302428
269.0, 408947, 4425705.5000, 2503483.5758, 0.000000000, 0.00000000, 0.000000, 0.0000000, 1.7678189, 1.7678189, 1.73253259, -0.24040, 0.5915660491, 10327.578357, 11192.650783, -0.8, 1452.57012159
270.0, 410396, 4425705.5000, 2493731.7344, 0.000000000, 0.00000000, 0.000000, 0.0000000, 1.7747320, 1.7747320, 1.73954756, -0.23740, 0.5887539620, 10364.987212, 11230.733932, -0.8, 1444.88374104
271.0, 411837, 4425705.5000, 2483979.8930, 0.000000000, 0.00000000, 0.000000, 0.0000000, 1.7816994, 1.7816994, 1.74662129, -0.23440, 0.5859208301, 10402.563642, 11268.971611, -0.8, 1437.29388265
272.0, 413270, 4425705.5000, 2474228.0516, 0.000000000, 0.00000000, 0.000000, 0.0000000, 1.7887217, 1.7887217, 1.75375444, -0.23140, 0.5830664393, 10440.308730, 11307.365115, -0.7, 1429.80054640
273.0, 414696, 4425705.5000, 2464476.2102, 0.000000000, 0.00000000, 0.000000, 0.0000000, 1.7957996, 1.7957996, 1.76094766, -0.22840, 0.5801905722, 10478.223573, 11345.915756, -0.7, 1422.40373231
274.0, 416115, 4425705.5000, 2454724.3688, 0.000000000, 0.00000000, 0.000000, 0.0000000, 1.8029338, 1.8029338, 1.76820158, -0.22540, 0.5772930088, 10516.309289, 11384.624859, -0.7, 1415.10344036
275.0, 417527, 4425705.5000, 2444972.5274, 0.000000000, 0.00000000, 0.000000, 0.0000000, 1.8101248, 1.8101248, 1.77551690, -0.22240, 0.5743735260, 10554.567012, 11423.493761, -0.7, 1407.89967057
276.0, 418931, 4425705.5000, 2435220.6860, 0.000000000, 0.00000000, 0.000000, 0.0000000, 1.8173735, 1.8173735, 1.78289428, -0.21940, 0.5714318978, 10592.997893, 11462.523819, -0.7, 1400.79242292
277.0, 420328, 4425705.5000, 2425468.8446, 0.000000000, 0.00000000, 0.000000, 0.0000000, 1.8246804, 1.8246804, 1.79033441, -0.21640, 0.5684678948, 10631.603105, 11501.716399, -0.7, 1393.78169743
278.0, 421719, 4425705.5000, 2415717.0032, 0.000000000, 0.00000000, 0.000000, 0.0000000, 1.8320463, 1.8320463, 1.79783799, -0.21340, 0.5654812849, 10670.383835, 11541.072888, -0.7, 1386.86749408
279.0, 423102, 4425705.5000, 2405965.1618, 0.000000000, 0.00000000, 0.000000, 0.0000000, 1.8394720, 1.8394720, 1.80540573, -0.21040, 0.5624718324, 10709.341291, 11580.594684, -0.7, 1380.04981289
280.0, 424479, 4425705.5000, 2396213.3204, 0.000000000, 0.00000000, 0.000000, 0.0000000, 1.8469581, 1.8469581, 1.81303835, -0.20740, 0.5594392988, 10748.476700, 11620.283202, -0.7, 1373.32865384
281.0, 425849, 4425705.5000, 2386461.4790, 0.000000000, 0.00000000, 0.000000, 0.0000000, 1.8545053, 1.8545053, 1.82073657, -0.20440, 0.5563834419, 10787.791308, 11660.139875, -0.7, 1366.70401695
282.0, 427212, 4425705.5000, 2376709.6376, 0.000000000, 0.00000000, 0.000000, 0.0000000, 1.8621145, 1.8621145, 1.82850114, -0.20140, 0.5533040165, 10827.286377, 11700.166148, -0.6, 1360.17590220
283.0, 428569, 4425705.5000, 2366957.7962, 0.000000000, 0.00000000, 0.000000, 0.0000000, 1.8697864, 1.8697864, 1.83633281, -0.19840, 0.5502007737, 10866.963194, 11740.363487, -0.6, 1353.74430961
284.0, 429920, 4425705.5000, 2357205.9548, 0.000000000, 0.00000000, 0.000000, 0.0000000, 1.8775218, 1.8775218, 1.84423235, -0.19540, 0.5470734614, 10906.823061, 11780.733370, -0.6, 1347.40923916
285.0, 431264, 4425705.5000, 2347454.1134, 0.000000000, 0.00000000, 0.000000, 0.0000000, 1.8853214, 1.8853214, 1.85220052, -0.19240, 0.5439218239, 10946.867301, 11821.277296, -0.6, 1341.17069087
286.0, 432602, 4425705.5000, 2337702.2720, 0.000000000, 0.00000000, 0.000000, 0.0000000, 1.8931861, 1.8931861, 1.86023813, -0.18940, 0.5407456017, 10987.097259, 11861.996779, -0.6, 1335.02866472
287.0, 433934, 4425705.5000, 2327950.4306, 0.000000000, 0.00000000, 0.000000, 0.0000000, 1.9011167, 1.9011167, 1.86834596, -0.18640, 0.5375445319, 11027.514298, 11902.893350, -0.6, 1328.98316073
288.0, 435260, 4425705.5000, 2318198.5892, 0.000000000, 0.00000000, 0.000000, 0.0000000, 1.9091141, 1.9091141, 1.87652483, -0.18340, 0.5343183480, 11068.119802, 11943.968560, -0.6, 1323.03417888
289.0, 436580, 4425705.5000, 2308446.7478, 0.000000000, 0.00000000, 0.000000, 0.0000000, 1.9171789, 1.9171789, 1.88477557, -0.18040, 0.5310667794, 11108.915177, 11985.223975, -0.6, 1317.18171919
290.0, 437894, 4425705.5000, 2298694.9064, 0.000000000, 0.00000000, 0.000000, 0.0000000, 1.9253123, 1.9253123, 1.89309902, -0.17740, 0.5277895518, 11149.901849, 12026.661181, -0.6, 1311.42578164
291.0, 439203, 4425705.5000, 2288943.0650, 0.000000000, 0.00000000, 0.000000, 0.0000000, 1.9335149, 1.9335149, 1.90149603, -0.17440, 0.5244863872, 11191.081265, 12068.281782, -0.6, 1305.76636625
292.0, 440506, 4425705.5000, 2279191.2236, 0.000000000, 0.00000000, 0.000000, 0.0000000, 1.9417877, 1.9417877, 1.90996746, -0.17140, 0.5211570032, 11232.454894, 12110.087403, -0.6, 1300.20347300
293.0, 441804, 4425705.5000, 2269439.3822, 0.000000000, 0.00000000, 0.000000, 0.0000000, 1.9501316, 1.9501316, 1.91851420, -0.16840, 0.5178011138, 11274.024227, 12152.079684, -0.5, 1294.73710191
294.0, 443096, 4425705.5000, 2259687.5408, 0.000000000, 0.00000000, 0.000000, 0.0000000, 1.9585476, 1.9585476, 1.92713714, -0.16540, 0.5144184286, 11315.790777, 12194.260288, -0.5, 1289.36725296
295.0, 444382, 4425705.5000, 2249935.6994, 0.000000000, 0.00000000, 0.000000, 0.0000000, 1.9670364, 1.9670364, 1.93583719, -0.16240, 0.5110086531, 11357.756080, 12236.630896, -0.5, 1284.09392617
296.0, 445664, 4425705.5000, 2240183.8580, 0.000000000, 0.00000000, 0.000000, 0.0000000, 1.9755992, 1.9755992, 1.94461528, -0.15940, 0.5075714885, 11399.921693, 12279.193210, -0.5, 1278.91712152
297.0, 446940, 4425705.5000, 2230432.0166, 0.000000000, 0.00000000, 0.000000, 0.0000000, 1.9842369, 1.9842369, 1.95347235, -0.15640, 0.5041066317, 11442.289198, 12321.948953, -0.5, 1273.83683903
298.0, 448211, 4425705.5000, 2220680.1752, 0.000000000, 0.00000000, 0.000000, 0.0000000, 1.9929504, 1.9929504, 1.96240934, -0.15340, 0.5006137750, 11484.860200, 12364.899866, -0.5, 1268.85307868
299.0, 449478, 4425705.5000, 2210928.3338, 0.000000000, 0.00000000, 0.000000, 0.0000000, 2.0017408, 2.0017408, 1.97142725, -0.15040, 0.4970926065, 11527.636325, 12408.047715, -0.5, 1263.96584049
300.0, 450739, 4425705.5000, 2201176.4924, 0.000000000, 0.00000000, 0.000000, 0.0000000, 2.0106091, 2.0106091, 1.98052704, -0.14740, 0.4935428095, 11570.619227, 12451.394285, -0.5, 1259.17512444
301.0, 451996, 4425705.5000, 2191424.6510, 0.000000000, 0.00000000, 0.000000, 0.0000000, 2.0195563, 2.0195563, 1.98970973, -0.14440, 0.4899640626, 11613.810581, 12494.941383, -0.5, 1254.48093055
302.0, 453248, 4425705.5000, 2181672.8096, 0.000000000, 0.00000000, 0.000000, 0.0000000, 2.0285835, 2.0285835, 1.99897635, -0.14140, 0.4863560398, 11657.212088, 12538.690838, -0.5, 1249.88325880
303.0, 454496, 4425705.5000, 2171920.9682, 0.000000000, 0.00000000, 0.000000, 0.0000000, 2.0376918, 2.0376918, 2.00832793, -0.13840, 0.4827184101, 11700.825475, 12582.644505, -0.4, 1245.38210921
304.0, 455739, 4425705.5000, 2162169.1268, 0.000000000, 0.00000000, 0.000000, 0.0000000, 2.0468822, 2.0468822, 2.01776552, -0.13540, 0.4790508376, 11744.652491, 12626.804257, -0.4, 1240.97748176
305.0, 456978, 4425705.5000, 2152417.2854, 0.000000000, 0.00000000, 0.000000, 0.0000000, 2.0561559, 2.0561559, 2.02729022, -0.13240, 0.4753529813, 11788.694916, 12671.171993, -0.4, 1236.66937647
306.0, 458213, 4425705.5000, 2142665.4440, 0.000000000, 0.00000000, 0.000000, 0.0000000, 2.0655140, 2.0655140, 2.03690310, -0.12940, 0.4716244952, 11832.954550, 12715.749637, -0.4, 1232.45779332
307.0, 459443, 4425705.5000, 2132913.6026, 0.000000000, 0.00000000, 0.000000, 0.0000000, 2.0749577, 2.0749577, 2.04660530, -0.12640, 0.4678650281, 11877.433225, 12760.539134, -0.4, 1228.34273233
308.0, 460669, 4425705.5000, 2123161.7612, 0.000000000, 0.00000000, 0.000000, 0.0000000, 2.0844881, 2.0844881, 2.05639793, -0.12340, 0.4640742232, 11922.132795, 12805.542457, -0.4, 1224.32419348
309.0, 461892, 4425705.5000, 2113409.9198, 0.000000000, 0.00000000, 0.000000, 0.0000000, 2.0941065, 2.0941065, 2.06628217, -0.12040, 0.4602517185, 11967.055146, 12850.761603, -0.4, 1220.40217679
310.0, 463110, 4425705.5000, 2103658.0784, 0.000000000, 0.00000000, 0.000000, 0.0000000, 2.1038141, 2.1038141, 2.07625918, -0.11740, 0.4563971464, 12012.202188, 12896.198593, -0.4, 1216.57668224
311.0, 464325, 4425705.5000, 2093906.2370, 0.000000000, 0.00000000, 0.000000, 0.0000000, 2.1136121, 2.1136121, 2.08633016, -0.11440, 0.4525101336, 12057.575861, 12941.855475, -0.4, 1212.84770985
312.0, 465536, 4425705.5000, 2084154.3956, 0.000000000, 0.00000000, 0.000000, 0.0000000, 2.1235017, 2.1235017, 2.09462881, -0.10000, 0.4485908325, 12103.174489, 12987.728067, -0.3, 1209.27124245
313.0, 466744, 4425705.5000, 2074402.5542, 0.000000000, 0.00000000, 0.000000, 0.0000000, 2.1334844, 2.1334844, 2.10539900, -0.10000, 0.4446408066, 12148.986740, 13033.795607, -0.3, 1206.05383745
314.0, 467948, 4425705.5000, 2064650.7128, 0.000000000, 0.00000000, 0.000000, 0.0000000, 2.1435614, 2.1435614, 2.11625517, -0.10000, 0.4406562586, 12195.037976, 13080.100353, -0.3, 1202.83643245
315.0, 469149, 4425705.5000, 2054898.8714, 0.000000000, 0.00000000, 0.000000, 0.0000000, 2.1537340, 2.1537340, 2.09400317, 0.06667, 0.4366399308, 12241.305975, 13126.607792, -0.1, 1199.88714453
316.0, 470349, 4425705.5000, 2045147.0300, 0.000000000, 0.00000000, 0.000000, 0.0000000, 2.1640036, 2.1640036, 2.11903234, 0.00585, 0.4326213205, 12287.573011, 13172.972720, 0.0, 1200.00557211
317.0, 471549, 4425705.5000, 2035395.1886, 0.000000000, 0.00000000, 0.000000, 0.0000000, 2.1743716, 2.1743716, 2.13153321, 0.00051, 0.4285646870, 12334.106583, 13219.609670, 0.0, 1199.99969558
318.0, 472749, 4425705.5000, 2025643.3472, 0.000000000, 0.00000000, 0.000000, 0.0000000, 2.1848395, 2.1848395, 2.14314155, -0.00007, 0.4244716625, 12380.890939, 13266.496890, 0.0, 1200.00010037
319.0, 473949, 4425705.5000, 2015891.5058, 0.000000000, 0.00000000, 0.000000, 0.0000000, 2.1954086, 2.1954086, 2.15471352, -0.00001, 0.4203417584, 12427.928665, 13313.637278, -0.0, 1199.99997987
320.0, 475149, 4425705.5000, 2006139.6644, 0.000000000, 0.00000000, 0.000000, 0.0000000, 2.2060805, 2.2060805, 2.16638909, -0.00000, 0.4161745644, 12475.221736, 13361.032779, 0.0, 1200.00000169
321.0, 476349, 4425705.5000, 1996387.8230, 0.000000000, 0.00000000, 0.000000, 0.0000000, 2.2168566, 2.2168566, 2.17816117, 0.00000, 0.4119696537, 12522.772235, 13408.685484, 0.0, 1199.99999918
322.0, 477549, 4425705.5000, 1986635.9816, 0.000000000, 0.00000000, 0.000000, 0.0000000, 2.2277385, 2.2277385, 2.19002976, 0.00000, 0.4077265949, 12570.582258, 13456.597488, 0.0, 1199.99999918
323.0, 478749, 4425705.5000, 1976884.1402, 0.000000000, 0.00000000, 0.000000, 0.0000000, 2.2387278, 2.2387278, 2.20199621, 0.00000, 0.4034449498, 12618.653934, 13504.770922, 0.0, 1199.99999918
324.0, 479949, 4425705.5000, 1967132.2988, 0.000000000, 0.00000000, 0.000000, 0.0000000, 2.2498261, 2.2498261, 2.21406201, 0.00000, 0.3991242728, 12666.989426, 13553.207949, 0.0, 1199.99999918
325.0, 481149, 4425705.5000, 1957380.4574, 0.000000000, 0.00000000, 0.000000, 0.0000000, 2.2610349, 2.2610349, 2.22622869, 0.00000, 0.3947641115, 12715.590930, 13601.910766, 0.0, 1199.99999918
326.0, 482349, 4425705.5000, 1947628.6160, 0.000000000, 0.00000000, 0.000000, 0.0000000, 2.2723560, 2.2723560, 2.23849781, 0.00000, 0.3903640059, 12764.460674, 13650.881602, 0.0, 1199.99999918
327.0, 483549, 4425705.5000, 1937876.7746, 0.000000000, 0.00000000, 0.000000, 0.0000000, 2.2837910, 2.2837910, 2.25087093, 0.00000, 0.3859234889, 12813.600922, 13700.122721, 0.0, 1199.99999918
328.0, 484749, 4425705.5000, 1928124.9332, 0.000000000, 0.00000000, 0.000000, 0.0000000, 2.2953417, 2.2953417, 2.26334969, 0.00000, 0.3814420856, 12863.013973, 13749.636424, 0.0, 1199.99999918
329.0, 485949, 4425705.5000, 1918373.0918, 0.000000000, 0.00000000, 0.000000, 0.0000000, 2.3070098, 2.3070098, 2.27593573, 0.00000, 0.3769193132, 12912.702160, 13799.425045, 0.0, 1199.99999918
330.0, 487149, 4425705.5000, 1908621.2504, 0.000000000, 0.00000000, 0.000000, 0.0000000, 2.3187971, 2.3187971, 2.28863073, 0.00000, 0.3723546812, 12962.667856, 13849.490957, 0.0, 1199.99999918
331.0, 488349, 4425705.5000, 1898869.4090, 0.000000000, 0.00000000, 0.000000, 0.0000000, 2.3307056, 2.3307056, 2.30143642, 0.00000, 0.3677476909, 13012.913468, 13899.836567, 0.0, 1199.99999918
332.0, 489549, 4425705.5000, 1889117.5676, 0.000000000, 0.00000000, 0.000000, 0.0000000, 2.3427369, 2.3427369, 2.31435456, 0.00000, 0.3630978352, 13063.441443, 13950.464324, 0.0, 1199.99999918
333.0, 490749, 4425705.5000, 1879365.7262, 0.000000000, 0.00000000, 0.000000, 0.0000000, 2.3548932, 2.3548932, 2.32738693, 0.00000, 0.3584045988, 13114.254266, 14001.376715, 0.0, 1199.99999918
334.0, 491949, 4425705.5000, 1869613.8848, 0.000000000, 0.00000000, 0.000000, 0.0000000, 2.3671762, 2.3671762, 2.34053537, 0.00000, 0.3536674573, 13165.354462, 14052.576264, 0.0, 1199.99999918
335.0, 493149, 4425705.5000, 1859862.0434, 0.000000000, 0.00000000, 0.000000, 0.0000000, 2.3795881, 2.3795881, 2.35380175, 0.00000, 0.3488858779, 13216.744597, 14104.065538, 0.0, 1199.99999918
336.0, 494349, 4425705.5000, 1850110.2020, 0.000000000, 0.00000000, 0.000000, 0.0000000, 2.3921307, 2.3921307, 2.36718798, 0.00000, 0.3440593184, 13268.427278, 14155.847147, 0.0, 1199.99999918
337.0, 495549, 4425705.5000, 1840358.3606, 0.000000000, 0.00000000, 0.000000, 0.0000000, 2.4048064, 2.4048064, 2.38069602, 0.00000, 0.3391872275, 13320.405155, 14207.923740, 0.0, 1199.99999918
338.0, 496749, 4425705.5000, 1830606.5192, 0.000000000, 0.00000000, 0.000000, 0.0000000, 2.4176170, 2.4176170, 2.39432786, 0.00000, 0.3342690443, 13372.680920, 14260.298010, 0.0, 1199.99999918
339.0, 497949, 4425705.5000, 1820854.6778, 0.000000000, 0.00000000, 0.000000, 0.0000000, 2.4305649, 2.4305649, 2.40808553, 0.00000, 0.3293041983, 13425.257311, 14312.972697, 0.0, 1199.99999918
340.0, 499149, 4425705.5000, 1811102.8364, 0.000000000, 0.00000000, 0.000000, 0.0000000, 2.4436522, 2.4436522, 2.42197113, 0.00000, 0.3242921091, 13478.137110, 14365.950584, 0.0, 1199.99999918
341.0, 500349, 4425705.5000, 1801350.9950, 0.000000000, 0.00000000, 0.000000, 0.0000000, 2.4568813, 2.4568813, 2.43598679, 0.00000, 0.3192321861, 13531.323145, 14419.234499, 0.0, 1199.99999918
342.0, 501549, 4425705.5000, 1791599.1536, 0.000000000, 0.00000000, 0.000000, 0.0000000, 2.4702543, 2.4702543, 2.45013467, 0.00000, 0.3141238283, 13584.818292, 14472.827320, 0.0, 1199.99999918
343.0, 502749, 4425705.5000, 1781847.3122, 0.000000000, 0.00000000, 0.000000, 0.0000000, 2.4837737, 2.4837737, 2.46441702, 0.00000, 0.3089664241, 13638.625475, 14526.731972, 0.0, 1199.99999918
344.0, 503949, 4425705.5000, 1772095.4708, 0.000000000, 0.00000000, 0.000000, 0.0000000, 2.4974419, 2.4974419, 2.47883609, 0.00000, 0.3037593509, 13692.747668, 14580.951429, 0.0, 1199.99999918
345.0, 505149, 4425705.5000, 1762343.6294, 0.000000000, 0.00000000, 0.000000, 0.0000000, 2.5112614, 2.5112614, 2.49339423, 0.00000, 0.2985019752, 13747.187894, 14635.488716, 0.0, 1199.99999918
346.0, 506349, 4425705.5000, 1752591.7880, 0.000000000, 0.00000000, 0.000000, 0.0000000, 2.5252346, 2.5252346, 2.50809381, 0.00000, 0.2931936519, 13801.949229, 14690.346910, 0.0, 1199.99999918
347.0, 507549, 4425705.5000, 1742839.9466, 0.000000000, 0.00000000, 0.000000, 0.0000000, 2.5393643, 2.5393643, 2.52293727, 0.00000, 0.2878337244, 13857.034801, 14745.529140, 0.0, 1199.99999918
348.0, 508749, 4425705.5000, 1733088.1052, 0.000000000, 0.00000000, 0.000000, 0.0000000, 2.5536529, 2.5536529, 2.53792710, 0.00000, 0.2824215238, 13912.447793, 14801.038590, 0.0, 1199.99999918
349.0, 509949, 4425705.5000, 1723336.2638, 0.000000000, 0.00000000, 0.000000, 0.0000000, 2.5681033, 2.5681033, 2.55306585, 0.00000, 0.2769563693, 13968.191441, 14856.878499, 0.0, 1199.99999918
350.0, 511149, 4425705.5000, 1713584.4224, 0.000000000, 0.00000000, 0.000000, 0.0000000, 2.5827181, 2.5827181, 2.56835613, 0.00000, 0.2714375674, 14024.269041, 14913.052161, 0.0, 1199.99999918
351.0, 512349, 4425705.5000, 1703832.5810, 0.000000000, 0.00000000, 0.000000, 0.0000000, 2.5975002, 2.5975002, 2.58380060, 0.00000, 0.2658644118, 14080.683944, 14969.562930, 0.0, 1199.99999918
352.0, 513549, 4425705.5000, 1694080.7396, 0.000000000, 0.00000000, 0.000000, 0.0000000, 2.6124525, 2.6124525, 2.59940200, 0.00000, 0.2602361830, 14137.439561, 15026.414218, 0.0, 1199.99999918
353.0, 514749, 4425705.5000, 1684328.8982, 0.000000000, 0.00000000, 0.000000, 0.0000000, 2.6275780, 2.6275780, 2.61516313, 0.00000, 0.2545521479, 14194.539364, 15083.609499, 0.0, 1199.99999918
354.0, 515949, 4425705.5000, 1674577.0568, 0.000000000, 0.00000000, 0.000000, 0.0000000, 2.6428796, 2.6428796, 2.63108684, 0.00000, 0.2488115597, 14251.986888, 15141.152307, 0.0, 1199.99999918
355.0, 517149, 4425705.5000, 1664825.2154, 0.000000000, 0.00000000, 0.000000, 0.0000000, 2.6583604, 2.6583604, 2.64717608, 0.00000, 0.2430136573, 14309.785729, 15199.046242, 0.0, 1199.99999918
356.0, 518349, 4425705.5000, 1655073.3740, 0.000000000, 0.00000000, 0.000000, 0.0000000, 2.6740237, 2.6740237, 2.66343385, 0.00000, 0.2371576652, 14367.939551, 15257.294967, 0.0, 1199.99999918
357.0, 519549, 4425705.5000, 1645321.5326, 0.000000000, 0.00000000, 0.000000, 0.0000000, 2.6898727, 2.6898727, 2.67986322, 0.00000, 0.2312427928, 14426.452082, 15315.902213, 0.0, 1199.99999918
358.0, 520749, 4425705.5000, 1635569.6912, 0.000000000, 0.00000000, 0.000000, 0.0000000, 2.7059107, 2.7059107, 2.69646734, 0.00000, 0.2252682343, 14485.327119, 15374.871778, 0.0, 1199.99999918
359.0, 521949, 4425705.5000, 1625817.8498, 0.000000000, 0.00000000, 0.000000, 0.0000000, 2.7221410, 2.7221410, 2.71324943, 0.00000, 0.2192331683, 14544.568532, 15434.207532, 0.0, 1199.99999918
360.0, 523149, 4425705.5000, 1616066.0084, 0.000000000, 0.00000000, 0.000000, 0.0000000, 2.7385673, 2.7385673, 2.73021282, 0.00000, 0.2131367570, 14604.180258, 15493.913414, 0.0, 1199.99999918
361.0, 524349, 4425705.5000, 1606314.1670, 0.000000000, 0.00000000, 0.000000, 0.0000000, 2.7551930, 2.7551930, 2.74736089, 0.00000, 0.2069781464, 14664.166310, 15553.993440, 0.0, 1199.99999918
362.0, 525549, 4425705.5000, 1596562.3256, 0.000000000, 0.00000000, 0.000000, 0.0000000, 2.7720218, 2.7720218, 2.76469711, 0.00000, 0.2007564655, 14724.530775, 15614.451697, 0.0, 1199.99999918
363.0, 526749, 4425705.5000, 1586810.4842, 0.000000000, 0.00000000, 0.000000, 0.0000000, 2.7890574, 2.7890574, 2.78222504, 0.00000, 0.1944708256, 14785.277820, 15675.292353, 0.0, 1199.99999918
364.0, 527949, 4425705.5000, 1577058.6428, 0.000000000, 0.00000000, 0.000000, 0.0000000, 2.8063037, 2.8063037, 2.79994835, 0.00000, 0.1881203205, 14846.411688, 15736.519652, 0.0, 1199.99999918
365.0, 529149, 4425705.5000, 1567306.8014, 0.000000000, 0.00000000, 0.000000, 0.0000000, 2.8237646, 2.8237646, 2.81787076, 0.00000, 0.1817040255, 14907.936703, 15798.137922, 0.0, 1199.99999918
366.0, 530349, 4425705.5000, 1557554.9600, 0.000000000, 0.00000000, 0.000000, 0.0000000, 2.8414442, 2.8414442, 2.83599613, 0.00000, 0.1752209970, 14969.857276, 15860.151573, 0.0, 1199.99999918
367.0, 531549, 4425705.5000, 1547803.1186, 0.000000000, 0.00000000, 0.000000, 0.0000000, 2.8593465, 2.8593465, 2.85432839, 0.00000, 0.1686702721, 15032.177898, 15922.565099, 0.0, 1199.99999918
368.0, 532749, 4425705.5000, 1538051.2772, 0.000000000, 0.00000000, 0.000000, 0.0000000, 2.8774759, 2.8774759, 2.87287159, 0.00000, 0.1620508682, 15094.903152, 15985.383083, 0.0, 1199.99999918
369.0, 533949, 4425705.5000, 1528299.4358, 0.000000000, 0.00000000, 0.000000, 0.0000000, 2.8958366, 2.8958366, 2.89162986, 0.00000, 0.1553617820, 15158.037709, 16048.610199, 0.0, 1199.99999918
370.0, 535149, 4425705.5000, 1518547.5944, 0.000000000, 0.00000000, 0.000000, 0.0000000, 2.9144332, 2.9144332, 2.91060748, 0.00000, 0.1486019894, 15221.586331, 16112.251210, 0.0, 1199.99999918
371.0, 536349, 4425705.5000, 1508795.7530, 0.000000000, 0.00000000, 0.000000, 0.0000000, 2.9332701, 2.9332701, 2.92980881, 0.00000, 0.1417704446, 15285.553877, 16176.310975, 0.0, 1199.99999918
372.0, 537549, 4425705.5000, 1499043.9116, 0.000000000, 0.00000000, 0.000000, 0.0000000, 2.9523521, 2.9523521, 2.94923832, 0.00000, 0.1348660798, 15349.945300, 16240.794452, 0.0, 1199.99999918
373.0, 538749, 4425705.5000, 1489292.0702, 0.000000000, 0.00000000, 0.000000, 0.0000000, 2.9716841, 2.9716841, 2.96890064, 0.00000, 0.1278878044, 15414.765656, 16305.706697, 0.0, 1199.99999918
374.0, 539949, 4425705.5000, 1479540.2288, 0.000000000, 0.00000000, 0.000000, 0.0000000, 2.9912708, 2.9912708, 2.98880048, 0.00000, 0.1208345041, 15480.020102, 16371.052867, 0.0, 1199.99999918
375.0, 541149, 4425705.5000, 1469788.3874, 0.000000000, 0.00000000, 0.000000, 0.0000000, 3.0111175, 3.0111175, 3.00894270, 0.00000, 0.1137050407, 15545.713899, 16436.838227, 0.0, 1199.99999918
376.0, 542349, 4425705.5000, 1460036.5460, 0.000000000, 0.00000000, 0.000000, 0.0000000, 3.0312293, 3.0312293, 3.02933230, 0.00000, 0.1064982513, 15611.852418, 16503.068148, 0.0, 1199.99999918
377.0, 543549, 4425705.5000, 1450284.7046, 0.000000000, 0.00000000, 0.000000, 0.0000000, 3.0516115, 3.0516115, 3.04997439, 0.00000, 0.0992129472, 15678.441138, 16569.748113, 0.0, 1199.99999918
